/*
сгенерировал столбцы в dbforge for mysql
единственное не 100, а 50 поскольку у меня ограраничения в бесплатной версии
и также возникла проблема и в dbforge и в filldb.info в
таблице friend_requests из за добавления в таблицу условия
alter table friend_requests add check (initiator_user_id <> target_user_id)
таблица не генерировалась пока не закомментировал его. почему не пойму.
*/







--
-- Script was generated by Devart dbForge Studio 2020 for MySQL, Version 9.0.665.0
-- Product Home Page: http://www.devart.com/dbforge/mysql/studio
-- Script date 09.09.2021 18:10:33
-- Target server version: 8.0.26
-- Target connection string: User Id=root;Host=localhost;Character Set=utf8
--


SET NAMES 'utf8';
USE another_vk;
--
-- Delete data from the table 'users_communities'
--
TRUNCATE TABLE users_communities;
--
-- Delete data from the table 'profiles'
--
TRUNCATE TABLE profiles;
--
-- Delete data from the table 'photos'
--
TRUNCATE TABLE photos;
--
-- Delete data from the table 'messages'
--
TRUNCATE TABLE messages;
--
-- Delete data from the table 'likes'
--
TRUNCATE TABLE likes;
--
-- Delete data from the table 'friend_requests'
--
TRUNCATE TABLE friend_requests;
--
-- Delete data from the table 'photo_albums'
--
DELETE
FROM photo_albums;
--
-- Delete data from the table 'media'
--
DELETE
FROM media;
--
-- Delete data from the table 'communities'
--
DELETE
FROM communities;
--
-- Delete data from the table 'users'
--
DELETE
FROM users;
--
-- Delete data from the table 'media_types'
--
DELETE
FROM media_types;

--
-- Inserting data into table media_types
--
INSERT INTO media_types(id, name, created_at, updated_at)
VALUES (1, '1', '1990-11-04 09:34:39', '1972-03-21 05:27:05'),
       (2, 'ZP', '1996-04-10 10:28:42', '1970-01-01 00:01:22'),
       (3, '9U', '1970-01-01 01:08:43', NULL),
       (4, NULL, NULL, '1971-05-09 23:06:27'),
       (5, '3', '1970-01-01 00:01:08', '2011-12-26 15:09:17'),
       (6, 'B3', '1983-06-13 06:13:45', '1973-04-30 13:52:42'),
       (7, 'F1R', '1976-12-05 16:47:11', '2003-12-20 03:01:15'),
       (8, 'QJ', '2021-08-24 21:08:09', '1995-03-15 00:53:44'),
       (9, 'I', '2005-06-16 19:27:34', '1970-01-01 00:00:04'),
       (10, 'FK8', '2012-03-10 15:25:15', '1970-01-01 02:39:05'),
       (11, 'X09', '1997-07-20 20:44:47', '1970-01-01 00:00:01'),
       (12, '3O5A82', '2001-06-17 20:36:27', '1975-09-07 06:59:50'),
       (13, NULL, NULL, '1970-01-01 00:00:06'),
       (14, '9B0', '1970-01-01 00:10:13', '2015-11-21 12:52:51'),
       (15, '73L6', '2016-01-15 14:00:19', '1970-10-09 00:11:29'),
       (16, '2', '1985-04-10 21:44:30', '2009-07-12 05:11:18'),
       (17, '9L', '2009-04-20 00:00:05', '1970-01-01 00:00:04'),
       (18, '3W', '1970-01-01 00:00:01', NULL),
       (19, NULL, NULL, NULL),
       (20, '63', '1979-12-28 05:15:16', NULL),
       (21, 'C26G8ZY3', '1978-03-19 05:05:23', '2007-05-21 21:43:17'),
       (22, '69VZ6', '1979-02-17 22:10:25', '1988-07-06 08:05:30'),
       (23, 'H71', '1995-09-30 18:24:09', '1970-01-01 01:33:42'),
       (24, 'U', '2013-03-13 18:46:38', '2013-02-08 16:01:19'),
       (25, 'HWAW', '2006-09-13 09:37:14', NULL),
       (26, '9C5', '1970-01-01 00:00:09', '1970-01-01 00:00:38'),
       (27, 'BW', '2017-09-13 16:46:27', '2008-11-04 23:48:30'),
       (28, 'Z0T3', '2005-12-07 10:51:07', '1994-12-07 04:16:52'),
       (29, '3', '2003-01-24 13:32:53', '1992-11-20 14:17:41'),
       (30, '916N679N4', '1970-01-01 00:01:05', '1974-07-14 23:49:37'),
       (31, '2QI', '1970-01-01 00:00:03', '1970-01-01 00:00:10'),
       (32, '9', '1970-01-01 01:45:10', '2000-10-04 22:38:57'),
       (33, '8LYA9', '2002-04-09 16:39:06', '1970-01-01 00:00:52'),
       (34, 'F7E0M', '1970-01-01 00:01:38', '1992-01-15 12:47:55'),
       (35, '84', '1990-06-20 16:57:20', NULL),
       (36, '418Y', '2008-04-07 20:09:59', '2006-12-24 14:30:39'),
       (37, '8', '1999-08-25 04:07:53', '1970-01-01 00:34:40'),
       (38, NULL, NULL, NULL),
       (39, '837Q5', '1983-09-20 15:36:37', NULL),
       (40, 'DZS7FKB6C5', '2016-11-24 06:47:48', '1978-06-18 18:36:32'),
       (41, 'D66C327', '1978-03-23 19:41:36', '1991-03-24 19:57:08'),
       (42, 'M9', '1970-01-01 01:57:04', '1970-01-01 00:00:03'),
       (43, 'QL', '1990-07-09 11:39:34', NULL),
       (44, 'M', '1970-01-01 00:36:44', NULL),
       (45, 'VPKHJGZ539', '2004-12-01 07:01:39', '2011-04-30 05:48:07'),
       (46, 'JTOY', '1970-01-01 00:00:07', '1978-06-18 10:17:26'),
       (47, '26Z55ZH91G', '2017-01-23 02:13:28', '1970-01-01 00:11:24'),
       (48, 'Z435', '1970-01-01 00:09:35', '1970-01-01 01:59:21'),
       (49, '9UL7S11WNL', '1970-01-01 00:00:05', '2016-02-14 02:36:13'),
       (50, '7', '1970-01-01 00:00:41', NULL);

--
-- Inserting data into table users
--
INSERT INTO users(id, firstname, lastname, email, password_hash, phone)
VALUES (1, 'Antoine', 'Draper', 'Banks@nowhere.com', '794DB97NC18435G', 54),
       (2, 'Edythe', 'Schaeffer', 'Pride1@example.com', '97WN6M4IZKA09WI0OZX2839C', 1844674407370955217),
       (3, 'Albert', 'Alicea', 'Golden6@example.com', 'TCWVA48YE8KKA0J4', 55),
       (4, 'Lanette', 'Nowak', 'Corbett41@example.com', '8X8Z8J2FPM06TNPCFMLA9U94XXY18GY9FX', 9113754786706188817),
       (5, 'Lean', 'Brice', 'BiggsB@example.com',
        '5514J0I461062930AM1U9Q1Z5J87982O02ZP70S24YU5T3H808S20LC334513N04C00PT183H1AEC89985O7HSFLP3SM4U82X0B4',
        13798001678691874473),
       (6, 'Darla', 'Allan', 'Danica.DChristian897@nowhere.com', 'E814OXJNT9X5W3TE97J4TRF', 18446744073709551615),
       (7, 'Alfreda', 'Gonsalves', 'Brower@nowhere.com', 'D9Z54UW16C80Y954C53OB1JVN66UPB4N3TPD702Z3PIWMV76D42DKV8K',
        11953327271320919311),
       (8, 'Adrienne', 'Drayton', 'Abram.Norwood11@example.com', 'H1W', 16290535326441061503),
       (9, 'Karma', 'Longo', 'DonBeltran643@example.com', 'X23K65GE3H7R3JM8ON82UZ8X83H49JL6AT8299A92VJ71PFH',
        10958429194077143980),
       (10, 'Julian', 'Gonzales', 'AbeStclair778@example.com', 'IJ909XJ9S3Z1', 13798001678691874474),
       (11, 'Huey', 'Roberge', 'Bray873@nowhere.com', '9TPYU', 11953327271320919312),
       (12, 'Ezequiel', 'Nowlin', 'BeauShrader@nowhere.com', '14W', 4423480620118053689),
       (13, 'Kaley', 'Roberson', 'Warden41@example.com', '21952ANR44ZAOTGY102PS0L6P', 1844674407370955218),
       (14, 'Rosia', 'Drew', 'Dorris.Finch@nowhere.com', 'BK5', 9113754786706188818),
       (15, 'Perry', 'Gonzalez', 'Mullin3@example.com', 'Z3705Q3V18GAP1145GAN19ZO62', 56),
       (16, 'Stuart', 'Driscoll', 'Mark_Acosta6@nowhere.com', 'RISW0F9KT881DWH1', 6268155027489008852),
       (17, 'Adela', 'Tirado', 'Beale@example.com', 'CL5BS0', 4423480620118053690),
       (18, 'Daryl', 'Schafer', 'Abbott27@example.com', '0GME20GXI73U1OOU64956', 10958429194077143981),
       (19, 'Franklin', 'Hughey', 'DawnaLeclair89@example.com', '3SLI', 1844674407370955219),
       (20, 'Adah', 'Gooch', 'Browne@example.com', '2NMG2', 13798001678691874475),
       (21, 'Adelaida', 'Bridges', 'Lionel_Abney@example.com',
        '0HLNJ3035U745UHSMQIL746959LCD95QIDI60VDVGLX44V9ERX9F2V15F9', 11953327271320919313),
       (22, 'Gena', 'Allard', 'JackieMccall@example.com', '97YZ6BT3373QCA7XKY2G8L49K289WH38760KR3C961G9IY66XO94330',
        13798001678691874476),
       (23, 'Dwain', 'Briggs', 'Ilse_Deaton@example.com', 'M', 57),
       (24, NULL, NULL, 'Wonda.W.Abbott@example.com', NULL, 1844674407370955220),
       (25, 'Jacelyn', 'Driver', 'Lanham@nowhere.com', '0', 18135209733812016661),
       (26, 'Clementina', 'Gooden', 'Escalante@example.com', '8ML0HVLBZ7LOBJF3T5', 6268155027489008853),
       (27, 'Victorina', 'Noyes', 'FilibertoCheng5@nowhere.com', 'V80816F537B3', 4423480620118053691),
       (28, 'Andreas', 'Tisdale', 'Herb_Kingsley664@example.com', 'DD31920BDO1S2E9TOGFT', 6268155027489008854),
       (29, 'Leigh', 'Schaffer', 'Zachary.Orta44@example.com', '2WD25RGSW7L', 4423480620118053692),
       (30, NULL, NULL, 'GlennaBarrios@nowhere.com', NULL, 9113754786706188819),
       (31, 'Florencio', 'Titus', 'Robson@example.com', '5WHT7HP253HI4R21956JO74DW11ZH42HYHW9', 58),
       (32, 'Toshia', 'Schell', 'GuillerminaNeil237@nowhere.com',
        '18DDP83653Y2221UN8Z57O51DN8Z0891161T90RG1040814RRAUV2HQ916EV60IIT', 16290535326441061504),
       (33, 'Raymundo', 'Longoria', 'DeboraRice2@example.com', '8MCS28NZS7TI7E4G9BGYJC4Y9N0', 6268155027489008855),
       (34, 'Erick', 'Drummond', 'Pippin449@example.com', 'AA27E7OO736RCVINIWA0X6KVX6D0R7X719JBA7X0ZW',
        10958429194077143982),
       (35, 'Sebastian', 'Robert', 'abamqlcw4@example.com', 'IVU31W7B5DCTJ9UQ', 18135209733812016662),
       (36, 'Jewel', 'Tobias', 'Adah.M.Stevens47@example.com', '96Q5MIFM02HETEH89NQ108R430QCKHTQ5V0D10VX3R99961D9L4J6L',
        1844674407370955221),
       (37, 'Alla', 'Hull', 'Royal.Fields216@example.com', 'GZ0687407E9RS7K3', 59),
       (38, 'Rex', 'Nugent', 'xnscft0@nowhere.com', 'PZ53IALK82PW95U', 4423480620118053693),
       (39, 'Eduardo', 'Goodman', 'AbeCrockett129@nowhere.com', '4X216Y0RU', 11953327271320919314),
       (40, 'Donnette', 'Drury', 'Sue.Shank@example.com', 'OJ26503T5490ULHSCX1T5T42EMKV16VRG94N07VYZ0KV1WPWU819IZW',
        13798001678691874477),
       (41, 'Hugo', 'Scherer', 'RosenaBooth@example.com',
        'HP87B7643D13GM81LRJ73XG807VW140B31C98H6AYL011OUC86FGF97L369L0HBLUOLRCGG39H769J39T1515N5CFTPVFQUG5',
        6268155027489008856),
       (42, 'Mary', 'Allen', 'HarveyWLinville3@example.com', 'WD3Z8MDD01G9N', 11953327271320919315),
       (43, 'Renata', 'Bright', 'Abel@example.com', '7VTS7Z4AQ2Z0MC28J02ZG5BQFR3P8X836R625ZXG0J51ET3P7415B29854',
        1844674407370955222),
       (44, 'Abdul', 'Tobin', 'LuciusAnderson371@example.com', 'SZ46NRGB6', 60),
       (45, 'Roxann', 'Alley', 'UlyssesCash51@example.com',
        '5A35PN79S1OYSYAALF3494J4096K08L0V369PIRKVJLQI670H13D68G12D42GG16441P', 16290535326441061505),
       (46, 'Jaimee', 'Goodrich', 'pppqhd1463@example.com', 'LCUOQF2O0870R8NVQTX7KIG115PEL12M09D5F8',
        4423480620118053694),
       (47, 'Tina', 'Duarte', 'Josef.Aguilar@example.com', '6B5J8RIAR1WSJO67T7R4C86U2BO24X44376I65C',
        1844674407370955223),
       (48, NULL, NULL, 'rfwkrrz4@example.com', NULL, 9113754786706188820),
       (49, 'Moses', 'Roberts', 'Cornell.Lockhart13@nowhere.com', '31B9D44777O0T2718475I9VG2HYXE011LJO37',
        13798001678691874478),
       (50, 'Rosalee', 'Schiller', 'AdamAckerman9@example.com', '92', 6268155027489008857);

--
-- Inserting data into table communities
--
INSERT INTO communities(id, name, admin_user_id)
VALUES (1, 'Letha241', 29),
       (2, 'Mollie1975', 24),
       (3, 'Quintin5', 26),
       (4, 'Kathern49', 2),
       (5, 'Felisa221', 13),
       (6, 'Shenita2027', 9),
       (7, 'Arnita2004', 31),
       (8, 'Woodrow2009', 50),
       (9, NULL, 6),
       (10, 'Chantel318', 46),
       (11, 'Aisha2010', 33),
       (12, 'Christopher1976', 40),
       (13, 'Stephan1976', 19),
       (14, 'Brinson972', 44),
       (15, 'Carpenter1994', 14),
       (16, 'Doyle2', 25),
       (17, 'Johnston1952', 20),
       (18, 'Booker6', 36),
       (19, 'Carvalho72', 16),
       (20, 'Aguilera1993', 16),
       (21, 'Paris2022', 4),
       (22, 'Jerrod1982', 29),
       (23, 'Suarez82', 33),
       (24, 'Abreu232', 10),
       (25, 'Shank212', 30),
       (26, 'Elise28', 38),
       (27, NULL, 34),
       (28, 'Alcala1977', 9),
       (29, 'Abernathy6', 13),
       (30, 'Lindsey295', 7),
       (31, 'Hubert2025', 23),
       (32, NULL, 30),
       (33, 'Paris24', 25),
       (34, 'Muncy1', 46),
       (35, 'Jestine2015', 41),
       (36, 'Alexander3', 40),
       (37, 'Seymour1989', 15),
       (38, 'Lorretta2028', 22),
       (39, 'Andre58', 4),
       (40, 'Carlson9', 3),
       (41, 'Jefferies7', 23),
       (42, NULL, 29),
       (43, 'Verona3', 32),
       (44, 'Lanette688', 22),
       (45, 'Crystle2000', 9),
       (46, 'Weston1954', 34),
       (47, 'Abdul134', 32),
       (48, 'Brigida1989', 6),
       (49, 'Christian1985', 22),
       (50, 'Alberto1984', 29);

--
-- Inserting data into table media
--
INSERT INTO media(id, media_type_id, file_name, size, metadata, user_id, body, created_at, updated_at)
VALUES (1, 22, 'L', 32, '[
  {
    "id": "ID000",
    "name": "Norris Calderon",
    "gender": "Female",
    "language": "Italian",
    "company": "Professional Telemetrics Inc.",
    "phone": "+32 2 275 09 61",
    "email": "NorrisCalderon@example.com",
    "photo": "placehold.it/350x150",
    "isemployed": 1,
    "mstatus": "Divorced",
    "dob": "18/04/1992",
    "address": "3707 South Market Hwy, Indianapolis, Indiana, 26120",
    "latitude": -29,
    "longitude": 159.0,
    "children": [
      {
        "name": "Aileen Pitts",
        "gender": "Female"
      },
      {
        "name": "Norris Calderon",
        "gender": "Female"
      }
    ]
  },
  {
    "id": "ID001",
    "name": "Aileen Pitts",
    "gender": "Female",
    "language": "Aymara",
    "company": "Global 5G Wireless Corporation",
    "phone": "+44 254 189 0429",
    "email": "TaggartY@example.com",
    "photo": "placehold.it/350x150",
    "isemployed": 1,
    "mstatus": "Married",
    "dob": "01/07/1991",
    "address": "3080 W Waterview Hwy, Oklahoma City, OK, 01413",
    "latitude": -1,
    "longitude": -1.0,
    "children": [
      {
        "name": "Alaine Hickey",
        "gender": "Male"
      },
      {
        "name": "Trey Christopher",
        "gender": "Male"
      }
    ]
  },
  {
    "id": "ID002",
    "name": "Alaine Hickey",
    "gender": "Male",
    "language": "Tibetan",
    "company": "Canadian Space Research Inc.",
    "phone": "+32 6 558 19 94",
    "email": "JoeannPHuang@example.com",
    "photo": "placehold.it/350x150",
    "isemployed": 1,
    "mstatus": "Single",
    "dob": "06/09/1992",
    "address": "609 East Rushwood Court, Kearns Bldg, Little Rock, AR, 92652",
    "latitude": -61,
    "longitude": -61.0,
    "children": [
      {
        "name": "Adolfo Parks",
        "gender": "Male"
      },
      {
        "name": "Monroe Gatewood",
        "gender": "Male"
      }
    ]
  },
  {
    "id": "ID003",
    "name": "Trey Christopher",
    "gender": "Male",
    "language": "Bengali",
    "company": "South Materials Group",
    "phone": "+32 9 909 41 16",
    "email": "Ada_Anglin6@nowhere.com",
    "photo": "placehold.it/350x150",
    "isemployed": 1,
    "mstatus": "Married",
    "dob": "25/08/1994",
    "address": "238 North Mountain Loop, Helena, MT, 08007",
    "latitude": -44,
    "longitude": -61.0,
    "children": [
      {
        "name": "Clair Montes",
        "gender": "Male"
      },
      {
        "name": "Waltraud Lerma",
        "gender": "Male"
      }
    ]
  },
  {
    "id": "ID004",
    "name": "Monroe Gatewood",
    "gender": "Male",
    "language": "Panjabi",
    "company": "Federal Software Inc.",
    "phone": "+971 3 542 3037",
    "email": "LoydBranham258@example.com",
    "photo": "placehold.it/350x150",
    "isemployed": 0,
    "mstatus": "Single",
    "dob": "09/10/1996",
    "address": "523 Edgewood Ct, Salt Lake City, UT, 51686",
    "latitude": -26,
    "longitude": 103.0,
    "children": [
      {
        "name": "Candice Houser",
        "gender": "Female"
      },
      {
        "name": "Lyndsay Biggs",
        "gender": "Male"
      }
    ]
  },
  {
    "id": "ID005",
    "name": "Adolfo Parks",
    "gender": "Male",
    "language": "Bengali",
    "company": "North K-Mobile Corporation",
    "phone": "+52 94 9528 4642",
    "email": "oytxgpgm.ebekzhq@example.com",
    "photo": "placehold.it/350x150",
    "isemployed": 1,
    "mstatus": "Single",
    "dob": "17/09/2000",
    "address": "3040 Fox Hill Ct, MidAmerican Bldg, Columbia, SC, 74842",
    "latitude": 46,
    "longitude": -61.0,
    "children": [
      {
        "name": "Buena Abreu",
        "gender": "Male"
      },
      {
        "name": "Kourtney Flood",
        "gender": "Male"
      }
    ]
  },
  {
    "id": "ID006",
    "name": "Waltraud Lerma",
    "gender": "Male",
    "language": "Manx",
    "company": "National Renewable Resources Corporation",
    "phone": "+33 8 44 68 98 67",
    "email": "SamuelGunn@example.com",
    "photo": "placehold.it/350x150",
    "isemployed": 1,
    "mstatus": "Widow",
    "dob": "20/01/1996",
    "address": "82 Rock Hill Rd, Baton Rouge, LA, 02620",
    "latitude": -7,
    "longitude": -23.0,
    "children": [
      {
        "name": "Hailey Cardwell",
        "gender": "Male"
      },
      {
        "name": "Minta Caruso",
        "gender": "Male"
      }
    ]
  },
  {
    "id": "ID007",
    "name": "Clair Montes",
    "gender": "Male",
    "language": "Panjabi",
    "company": "International Telecom Inc.",
    "phone": "+44 2110 263412",
    "email": "Burgos@nowhere.com",
    "photo": "placehold.it/350x150",
    "isemployed": 0,
    "mstatus": "Single",
    "dob": "01/02/1992",
    "address": "662 Hidden Church Loop, Austin, TX, 91304",
    "latitude": -39,
    "longitude": -39.0,
    "children": [
      {
        "name": "Bonita Draper",
        "gender": "Female"
      }
    ]
  }
]', 46, 'K18TQ71R127Y96A0CED6HJAJ5', '1970-01-01 02:13:43', '1993-02-08 10:28:05'),
       (2, 1, 'Q', 34, '[
         {
           "id": "ID008",
           "name": "Lyndsay Biggs",
           "gender": "Male",
           "language": "Arabic",
           "company": "First Management Inc.",
           "phone": "+49-5346-944775",
           "email": "Moreno@nowhere.com",
           "photo": "placehold.it/350x150",
           "isemployed": 1,
           "mstatus": "Single",
           "dob": "12/02/2003",
           "address": "3500 Ironwood Blvd, Fisher Bldg, Honolulu, HI, 71721",
           "latitude": 70,
           "longitude": 93.0,
           "children": [
             {
               "name": "Carylon Mintz",
               "gender": "Female"
             },
             {
               "name": "Tawna Abel",
               "gender": "Male"
             }
           ]
         },
         {
           "id": "ID009",
           "name": "Candice Houser",
           "gender": "Female",
           "language": "Catalan",
           "company": "Domestic Green Energy Group",
           "phone": "+44 516 602 1755",
           "email": "GerryBarrow@example.com",
           "photo": "placehold.it/350x150",
           "isemployed": 1,
           "mstatus": "Married",
           "dob": "27/09/2000",
           "address": "2490 Hidden Meadowview Loop, 1st Floor, Jefferson City, MO, 74975",
           "latitude": -55,
           "longitude": 141.0,
           "children": [
             {
               "name": "Gale Maldonado",
               "gender": "Male"
             }
           ]
         },
         {
           "id": "ID010",
           "name": "Buena Abreu",
           "gender": "Male",
           "language": "Telugu",
           "company": "North Logistic Inc.",
           "phone": "+44 058 589 3888",
           "email": "tsredn9393@example.com",
           "photo": "placehold.it/350x150",
           "isemployed": 1,
           "mstatus": "Married",
           "dob": "22/08/2000",
           "address": "1678 N Monument Ave, Jackson, Mississippi, 86777",
           "latitude": -2,
           "longitude": -83.0,
           "children": [
             {
               "name": "Alana Means",
               "gender": "Male"
             },
             {
               "name": "Allan Whittaker",
               "gender": "Male"
             }
           ]
         },
         {
           "id": "ID011",
           "name": "Kourtney Flood",
           "gender": "Male",
           "language": "Assamese",
           "company": "Australian Systems Corp.",
           "phone": "+44 4426 893877",
           "email": "Iliana.Acevedo52@example.com",
           "photo": "placehold.it/350x150",
           "isemployed": 1,
           "mstatus": "Single",
           "dob": "05/04/2001",
           "address": "3022 East Market Circle, Columbus, OH, 37568",
           "latitude": -15,
           "longitude": 170.0,
           "children": [
             {
               "name": "Verlie Burnside",
               "gender": "Female"
             }
           ]
         },
         {
           "id": "ID012",
           "name": "Minta Caruso",
           "gender": "Male",
           "language": "Swati",
           "company": "International Space Explore Inc.",
           "phone": "+33 8 68 75 10 50",
           "email": "FlorencioF_Marlow7@nowhere.com",
           "photo": "placehold.it/350x150",
           "isemployed": 0,
           "mstatus": "Single",
           "dob": "17/10/2000",
           "address": "2563 Red Social Ave, APT 143, Phoenix, Arizona, 67534",
           "latitude": -33,
           "longitude": 147.0,
           "children": [
             {
               "name": "Addie Jacobsen",
               "gender": "Female"
             },
             {
               "name": "Victor Tejeda",
               "gender": "Female"
             }
           ]
         },
         {
           "id": "ID013",
           "name": "Hailey Cardwell",
           "gender": "Male",
           "language": "Inupiaq",
           "company": "American O-Mobile Inc.",
           "phone": "+52 00 4504 8622",
           "email": "Enoch_Tillery@nowhere.com",
           "photo": "placehold.it/350x150",
           "isemployed": 1,
           "mstatus": "Single",
           "dob": "11/07/1993",
           "address": "3575 Red Rock Hill Ct, 3rd Floor, Pierre, SD, 89000",
           "latitude": 30,
           "longitude": -92.0,
           "children": [
             {
               "name": "Andrew Quinonez",
               "gender": "Male"
             },
             {
               "name": "Luanne Jenkins",
               "gender": "Male"
             }
           ]
         }
       ]', 44, NULL, '1996-05-11 07:26:16', NULL),
       (3, 27, 'YL881', 52, '[
         {
           "id": "ID014",
           "name": "Bonita Draper",
           "gender": "Female",
           "language": "Norwegian",
           "company": "General Computers Corporation",
           "phone": "+49 (8174) 456959",
           "email": "MorrisAbraham@example.com",
           "photo": "placehold.it/350x150",
           "isemployed": 0,
           "mstatus": "Divorced",
           "dob": "25/02/1998",
           "address": "3998 Highland Loop, Augusta, Maine, 97437",
           "latitude": 55,
           "longitude": 14.0,
           "children": [
             {
               "name": "Scotty Kinney",
               "gender": "Male"
             }
           ]
         },
         {
           "id": "ID015",
           "name": "Tawna Abel",
           "gender": "Male",
           "language": "Ukrainian",
           "company": "Global Y-Mobile Corporation",
           "phone": "+49 (9767) 810025",
           "email": "DinoJaeger742@example.com",
           "photo": "placehold.it/350x150",
           "isemployed": 0,
           "mstatus": "Single",
           "dob": "24/10/1998",
           "address": "11 Front Way, 1st Floor, Nashville, TN, 29288",
           "latitude": -7,
           "longitude": -112.0,
           "children": [
             {
               "name": "Tanna Moreno",
               "gender": "Male"
             },
             {
               "name": "Venice Steffen",
               "gender": "Male"
             }
           ]
         },
         {
           "id": "ID016",
           "name": "Carylon Mintz",
           "gender": "Female",
           "language": "Maori",
           "company": "South Space Explore Corporation",
           "phone": "+971 4 458 7099",
           "email": "Rigby@example.com",
           "photo": "placehold.it/350x150",
           "isemployed": 1,
           "mstatus": "Married",
           "dob": "05/09/1993",
           "address": "1366 Old Riddle Hill Way, Buhl Building, Atlanta, GA, 36882",
           "latitude": -2,
           "longitude": -90.0,
           "children": [
             {
               "name": "Felicidad Lentz",
               "gender": "Male"
             }
           ]
         },
         {
           "id": "ID017",
           "name": "Gale Maldonado",
           "gender": "Male",
           "language": "Finnish",
           "company": "Professional Space Explore Group",
           "phone": "+49 2411 064286",
           "email": "Houser@example.com",
           "photo": "placehold.it/350x150",
           "isemployed": 0,
           "mstatus": "Married",
           "dob": "28/02/1992",
           "address": "3466 Chapel Hill Pkwy, Duke Energy Building, Lincoln, NE, 93850",
           "latitude": 81,
           "longitude": 94.0,
           "children": [
             {
               "name": "Adalberto Bishop",
               "gender": "Female"
             },
             {
               "name": "Cristy Andre",
               "gender": "Female"
             }
           ]
         },
         {
           "id": "ID018",
           "name": "Alana Means",
           "gender": "Male",
           "language": "Breton",
           "company": "Australian High-Technologies Corp.",
           "phone": "+49-2753-269097",
           "email": "AdanHuerta523@example.com",
           "photo": "placehold.it/350x150",
           "isemployed": 0,
           "mstatus": "Divorced",
           "dob": "18/05/1996",
           "address": "380 North Fox Hill Loop, Sacramento, California, 85419",
           "latitude": -46,
           "longitude": 164.0,
           "children": [
             {
               "name": "Josef Abrams",
               "gender": "Female"
             },
             {
               "name": "Scarlett Dugger",
               "gender": "Male"
             }
           ]
         },
         {
           "id": "ID019",
           "name": "Allan Whittaker",
           "gender": "Male",
           "language": "Aymara",
           "company": "Australian Telecommunications Group",
           "phone": "+971 4 500 4801",
           "email": "CharlieNoriega688@example.com",
           "photo": "placehold.it/350x150",
           "isemployed": 1,
           "mstatus": "Single",
           "dob": "11/12/1991",
           "address": "3218 East Hunting Hill Avenue, Columbus, OH, 20032",
           "latitude": 42,
           "longitude": 119.0,
           "children": [
             {
               "name": "Duane Alaniz",
               "gender": "Female"
             },
             {
               "name": "Lala Bachman",
               "gender": "Female"
             }
           ]
         },
         {
           "id": "ID020",
           "name": "Verlie Burnside",
           "gender": "Female",
           "language": "Sardinian",
           "company": "General Space Research Group",
           "phone": "+971 7 578 0855",
           "email": "Abrams@example.com",
           "photo": "placehold.it/350x150",
           "isemployed": 0,
           "mstatus": "Divorced",
           "dob": "09/12/1998",
           "address": "1255 Meadowview Court, STE 1281, Denver, CO, 14016",
           "latitude": -57,
           "longitude": 103.0,
           "children": [
             {
               "name": "Monroe Hamblin",
               "gender": "Male"
             },
             {
               "name": "Shirlee Healy",
               "gender": "Male"
             }
           ]
         },
         {
           "id": "ID021",
           "name": "Victor Tejeda",
           "gender": "Female",
           "language": "Ido",
           "company": "United Transport Corporation",
           "phone": "+49 (3904) 019353",
           "email": "fazsmgzr.vbbx@example.com",
           "photo": "placehold.it/350x150",
           "isemployed": 0,
           "mstatus": "Widowed",
           "dob": "23/04/2002",
           "address": "3595 Red Ashwood Highway, APT 490, Juneau, AK, 66435",
           "latitude": 90,
           "longitude": -119.0,
           "children": [
             {
               "name": "Velva Harder",
               "gender": "Male"
             }
           ]
         }
       ]', 26, '3', '1975-04-26 11:19:20', '2004-10-05 00:11:08'),
       (4, 22, '17', 50, '[
         {
           "id": "ID022",
           "name": "Addie Jacobsen",
           "gender": "Female",
           "language": "Mongolian",
           "company": "Home Optics Inc.",
           "phone": "+49 3735 585807",
           "email": "Cota424@example.com",
           "photo": "placehold.it/350x150",
           "isemployed": 1,
           "mstatus": "Single",
           "dob": "17/06/1994",
           "address": "63 Fox Hill Lane, Columbus, Ohio, 83243",
           "latitude": -19,
           "longitude": -162.0,
           "children": [
             {
               "name": "Kathie Bunn",
               "gender": "Male"
             }
           ]
         },
         {
           "id": "ID023",
           "name": "Andrew Quinonez",
           "gender": "Male",
           "language": "Slovak",
           "company": "Domestic Space Research Inc.",
           "phone": "+49 9020 705672",
           "email": "kqavbr3100@example.com",
           "photo": "placehold.it/350x150",
           "isemployed": 0,
           "mstatus": "Married",
           "dob": "25/07/1994",
           "address": "1351 White Hazelwood Parkway, 3rd Floor, Springfield, Illinois, 77085",
           "latitude": -51,
           "longitude": 123.0,
           "children": [
             {
               "name": "Latosha Covey",
               "gender": "Male"
             }
           ]
         },
         {
           "id": "ID024",
           "name": "Luanne Jenkins",
           "gender": "Male",
           "language": "Tsonga",
           "company": "West Laboratories Group",
           "phone": "+44 9767 06 4699",
           "email": "Brant.Abreu@example.com",
           "photo": "placehold.it/350x150",
           "isemployed": 0,
           "mstatus": "Married",
           "dob": "21/05/2000",
           "address": "617 Prospect Hill Ln, Des Moines, IA, 18375",
           "latitude": 75,
           "longitude": 24.0,
           "children": [
             {
               "name": "Tommye Allman",
               "gender": "Male"
             }
           ]
         },
         {
           "id": "ID025",
           "name": "Scotty Kinney",
           "gender": "Male",
           "language": "Hindi",
           "company": "Federal High-Technologies Corp.",
           "phone": "+971 5 173 1493",
           "email": "sneygl8904@example.com",
           "photo": "placehold.it/350x150",
           "isemployed": 1,
           "mstatus": "Married",
           "dob": "14/04/1995",
           "address": "395 Rock Hill Road, Frankfort, Kentucky, 88250",
           "latitude": -36,
           "longitude": 10.0,
           "children": [
             {
               "name": "Florentino Cranford",
               "gender": "Female"
             }
           ]
         },
         {
           "id": "ID026",
           "name": "Venice Steffen",
           "gender": "Male",
           "language": "Yiddish",
           "company": "Smart Space Research Co.",
           "phone": "+44 6841 932510",
           "email": "stnhpti6@nowhere.com",
           "photo": "placehold.it/350x150",
           "isemployed": 1,
           "mstatus": "Divorced",
           "dob": "18/07/1996",
           "address": "622 Hidden Ski Hill Ct, Boston, MA, 23438",
           "latitude": -17,
           "longitude": 142.0,
           "children": [
             {
               "name": "Emilio Burnside",
               "gender": "Male"
             }
           ]
         },
         {
           "id": "ID027",
           "name": "Tanna Moreno",
           "gender": "Male",
           "language": "Italian",
           "company": "Special High-Technologies Corporation",
           "phone": "+1 652-800-8089",
           "email": "Fortner@nowhere.com",
           "photo": "placehold.it/350x150",
           "isemployed": 1,
           "mstatus": "Married",
           "dob": "23/06/1992",
           "address": "2117 South Farmview Circle, Juneau, Alaska, 04226",
           "latitude": 35,
           "longitude": -161.0,
           "children": [
             {
               "name": "Winford Milner",
               "gender": "Male"
             }
           ]
         },
         {
           "id": "ID028",
           "name": "Felicidad Lentz",
           "gender": "Male",
           "language": "Ndonga",
           "company": "International Space Research Co.",
           "phone": "+55 61 2277-5369",
           "email": "Mccue@example.com",
           "photo": "placehold.it/350x150",
           "isemployed": 0,
           "mstatus": "Married",
           "dob": "17/08/1998",
           "address": "2532 1st Ln, Denver, Colorado, 31725",
           "latitude": 56,
           "longitude": 165.0,
           "children": [
             {
               "name": "Andres Soria",
               "gender": "Female"
             }
           ]
         }
       ]', 33, 'R4K560IO17I9QA77PD56R3IKV7PC6AW', '2005-05-19 16:05:06', '2012-01-22 11:41:55'),
       (5, 39, 'Q3', 56, '[
         {
           "id": "ID029",
           "name": "Adalberto Bishop",
           "gender": "Female",
           "language": "Tigrinya",
           "company": "Pacific Space Explore Inc.",
           "phone": "+49-1424-239943",
           "email": "LeighP_Redding7@example.com",
           "photo": "placehold.it/350x150",
           "isemployed": 1,
           "mstatus": "Single",
           "dob": "04/05/2002",
           "address": "1965 Riverside Highway, Carson City, NV, 20587",
           "latitude": -36,
           "longitude": -112.0,
           "children": [
             {
               "name": "Gale Heffner",
               "gender": "Male"
             },
             {
               "name": "Myles Gatewood",
               "gender": "Male"
             }
           ]
         },
         {
           "id": "ID030",
           "name": "Cristy Andre",
           "gender": "Female",
           "language": "Georgian",
           "company": "United I-Mobile Co.",
           "phone": "+971 8 251 3710",
           "email": "Montoya@nowhere.com",
           "photo": "placehold.it/350x150",
           "isemployed": 0,
           "mstatus": "Married",
           "dob": "03/10/1998",
           "address": "591 E Chapel Hill Way, Des Moines, IA, 80172",
           "latitude": -8,
           "longitude": -103.0,
           "children": [
             {
               "name": "Adalberto Thurston",
               "gender": "Male"
             }
           ]
         },
         {
           "id": "ID031",
           "name": "Josef Abrams",
           "gender": "Female",
           "language": "Tajik",
           "company": "Domestic Green Resources Inc.",
           "phone": "+44 829 908 1234",
           "email": "Abney@nowhere.com",
           "photo": "placehold.it/350x150",
           "isemployed": 1,
           "mstatus": "Single",
           "dob": "17/08/2003",
           "address": "205 New Oak Blvd, Albany, New York, 11805",
           "latitude": -1,
           "longitude": 62.0,
           "children": [
             {
               "name": "Maddie Abraham",
               "gender": "Female"
             }
           ]
         },
         {
           "id": "ID032",
           "name": "Scarlett Dugger",
           "gender": "Male",
           "language": "Slovenian",
           "company": "United 4G Wireless Inc.",
           "phone": "+52 26 2839 9850",
           "email": "Zack_Mcnair199@example.com",
           "photo": "placehold.it/350x150",
           "isemployed": 1,
           "mstatus": "Married",
           "dob": "08/01/2000",
           "address": "61 Glenwood Loop, Buhl Building, Juneau, AK, 11862",
           "latitude": 64,
           "longitude": 137.0,
           "children": [
             {
               "name": "Abdul Hudson",
               "gender": "Male"
             },
             {
               "name": "Barry Allred",
               "gender": "Female"
             }
           ]
         },
         {
           "id": "ID033",
           "name": "Lala Bachman",
           "gender": "Female",
           "language": "Bulgarian",
           "company": "Home 2G Wireless Inc.",
           "phone": "+44 5784 669178",
           "email": "mlocd761@example.com",
           "photo": "placehold.it/350x150",
           "isemployed": 0,
           "mstatus": "Single",
           "dob": "25/06/1991",
           "address": "1291 2nd Parkway, Standard Bldg, Honolulu, HI, 80561",
           "latitude": 57,
           "longitude": -1.0,
           "children": [
             {
               "name": "Andy Gonzales",
               "gender": "Male"
             }
           ]
         },
         {
           "id": "ID034",
           "name": "Duane Alaniz",
           "gender": "Female",
           "language": "Komi",
           "company": "Smart 3G Wireless Corporation",
           "phone": "+52 66 7387 5272",
           "email": "Slone@nowhere.com",
           "photo": "placehold.it/350x150",
           "isemployed": 1,
           "mstatus": "Married",
           "dob": "29/03/2000",
           "address": "81 Riverview Lane, Appartment 2, Harrisburg, Pennsylvania, 19130",
           "latitude": -51,
           "longitude": 160.0,
           "children": [
             {
               "name": "Ryan Abbott",
               "gender": "Male"
             },
             {
               "name": "Virginia Loera",
               "gender": "Female"
             }
           ]
         },
         {
           "id": "ID035",
           "name": "Shirlee Healy",
           "gender": "Male",
           "language": "Bengali",
           "company": "Smart 4G Wireless Group",
           "phone": "+49 (1344) 430272",
           "email": "Mac_Amaya79@nowhere.com",
           "photo": "placehold.it/350x150",
           "isemployed": 0,
           "mstatus": "Divorced",
           "dob": "14/11/1994",
           "address": "54 E Hope Loop, Trenton, New Jersey, 89734",
           "latitude": -33,
           "longitude": 69.0,
           "children": [
             {
               "name": "Adam Rigby",
               "gender": "Male"
             }
           ]
         },
         {
           "id": "ID036",
           "name": "Monroe Hamblin",
           "gender": "Male",
           "language": "Maltese",
           "company": "Domestic 3G Wireless Group",
           "phone": "+44 7719 06 3681",
           "email": "Roush@example.com",
           "photo": "placehold.it/350x150",
           "isemployed": 0,
           "mstatus": "Married",
           "dob": "20/07/2001",
           "address": "2694 Rushwood Lane, Austin, Texas, 38739",
           "latitude": 38,
           "longitude": 30.0,
           "children": [
             {
               "name": "Sheba Paige",
               "gender": "Female"
             }
           ]
         }
       ]', 28, '4J', '2005-08-21 12:41:54', '1999-01-26 17:18:02'),
       (6, 30, '726', 54, '[
         {
           "id": "ID037",
           "name": "Velva Harder",
           "gender": "Male",
           "language": "Tibetan",
           "company": "Flexible Investment Co.",
           "phone": "+380 94 282-079-5",
           "email": "Acosta@example.com",
           "photo": "placehold.it/350x150",
           "isemployed": 0,
           "mstatus": "Married",
           "dob": "09/11/1995",
           "address": "1234 E Farmview Rd, Frankfort, KY, 17137",
           "latitude": 31,
           "longitude": -148.0,
           "children": [
             {
               "name": "Bertram Jefferson",
               "gender": "Male"
             }
           ]
         },
         {
           "id": "ID038",
           "name": "Kathie Bunn",
           "gender": "Male",
           "language": "Ossetian",
           "company": "Canadian Nuclear Resources Corporation",
           "phone": "+44 3899 840434",
           "email": "Williford893@example.com",
           "photo": "placehold.it/350x150",
           "isemployed": 0,
           "mstatus": "Single",
           "dob": "05/05/1994",
           "address": "3035 Hunting Hill Ln, Juneau, Alaska, 23052",
           "latitude": -18,
           "longitude": -98.0,
           "children": [
             {
               "name": "Francis Mcintyre",
               "gender": "Male"
             }
           ]
         },
         {
           "id": "ID039",
           "name": "Latosha Covey",
           "gender": "Male",
           "language": "Sango",
           "company": "Global I-Mobile Corporation",
           "phone": "+55 15 1625-4021",
           "email": "AbernathyF@nowhere.com",
           "photo": "placehold.it/350x150",
           "isemployed": 0,
           "mstatus": "Single",
           "dob": "11/06/1991",
           "address": "919 Ashwood Street, Baton Rouge, LA, 64889",
           "latitude": 45,
           "longitude": -179.0,
           "children": [
             {
               "name": "Melynda Bigelow",
               "gender": "Male"
             }
           ]
         },
         {
           "id": "ID040",
           "name": "Tommye Allman",
           "gender": "Male",
           "language": "Slovenian",
           "company": "West Space Research Corporation",
           "phone": "+49 4860 039992",
           "email": "Baugh@example.com",
           "photo": "placehold.it/350x150",
           "isemployed": 0,
           "mstatus": "Married",
           "dob": "19/05/1996",
           "address": "3016 SW Ski Hill Highway, Bismarck, ND, 01337",
           "latitude": -87,
           "longitude": -53.0,
           "children": [
             {
               "name": "Vickie Schultz",
               "gender": "Male"
             }
           ]
         },
         {
           "id": "ID041",
           "name": "Florentino Cranford",
           "gender": "Female",
           "language": "Yiddish",
           "company": "Australian D-Mobile Co.",
           "phone": "+420 560 625 291",
           "email": "Sharpe26@example.com",
           "photo": "placehold.it/350x150",
           "isemployed": 0,
           "mstatus": "Single",
           "dob": "14/11/1993",
           "address": "3525 Hidden Edgewood Highway, 5th Floor, Raleigh, North Carolina, 87239",
           "latitude": -62,
           "longitude": 1.0,
           "children": [
             {
               "name": "Nikia Almond",
               "gender": "Male"
             }
           ]
         },
         {
           "id": "ID042",
           "name": "Emilio Burnside",
           "gender": "Male",
           "language": "Nauru",
           "company": "Special Equipment Corp.",
           "phone": "+49 (8454) 935586",
           "email": "MichalEdmond@example.com",
           "photo": "placehold.it/350x150",
           "isemployed": 0,
           "mstatus": "Single",
           "dob": "25/04/1998",
           "address": "628 White Ironwood Ct, Nipper Bldg, Baton Rouge, LA, 10862",
           "latitude": -66,
           "longitude": -176.0,
           "children": [
             {
               "name": "Christene Stiles",
               "gender": "Male"
             },
             {
               "name": "Ron Abney",
               "gender": "Female"
             }
           ]
         },
         {
           "id": "ID043",
           "name": "Winford Milner",
           "gender": "Male",
           "language": "Latin",
           "company": "Domestic Services Group",
           "phone": "+49 5074 461053",
           "email": "Perryman455@nowhere.com",
           "photo": "placehold.it/350x150",
           "isemployed": 0,
           "mstatus": "Single",
           "dob": "15/08/1991",
           "address": "220 Hidden Town Pkwy, Austin, Texas, 75826",
           "latitude": 52,
           "longitude": 175.0,
           "children": [
             {
               "name": "Ada Ackerman",
               "gender": "Female"
             },
             {
               "name": "Rene Kemper",
               "gender": "Male"
             }
           ]
         }
       ]', 5, 'TZ76061823453S5MU64S1LO2MO7P28012866TRI74EG96772J', '1978-12-29 14:54:52', '1987-12-06 14:37:34'),
       (7, 46, '01', 42, '[
         {
           "id": "ID044",
           "name": "Andres Soria",
           "gender": "Female",
           "language": "Sango",
           "company": "Flexible High-Technologies Corporation",
           "phone": "+49 (9534) 956244",
           "email": "vbzbfpb0034@nowhere.com",
           "photo": "placehold.it/350x150",
           "isemployed": 0,
           "mstatus": "Married",
           "dob": "10/10/1999",
           "address": "3328 Glenwood Blvd, APT 37, Phoenix, AZ, 26645",
           "latitude": -50,
           "longitude": 124.0,
           "children": [
             {
               "name": "Delaine Escalante",
               "gender": "Male"
             }
           ]
         },
         {
           "id": "ID045",
           "name": "Gale Heffner",
           "gender": "Male",
           "language": "Thai",
           "company": "International High-Technologies Group",
           "phone": "+49 (9577) 674308",
           "email": "Aguilera912@nowhere.com",
           "photo": "placehold.it/350x150",
           "isemployed": 1,
           "mstatus": "Single",
           "dob": "08/01/1991",
           "address": "31 Red Fox Hill Parkway, Comcast Bldg, Sacramento, California, 19722",
           "latitude": 1,
           "longitude": -2.0,
           "children": [
             {
               "name": "Ying Connell",
               "gender": "Male"
             }
           ]
         },
         {
           "id": "ID046",
           "name": "Myles Gatewood",
           "gender": "Male",
           "language": "Venda",
           "company": "Professional High-Technologies Group",
           "phone": "+1 781-024-6359",
           "email": "Forrest718@nowhere.com",
           "photo": "placehold.it/350x150",
           "isemployed": 1,
           "mstatus": "Married",
           "dob": "13/04/1992",
           "address": "2895 Meadowview Highway, 2nd Floor, Trenton, New Jersey, 72720",
           "latitude": 57,
           "longitude": -168.0,
           "children": [
             {
               "name": "Josiah Cuellar",
               "gender": "Female"
             }
           ]
         },
         {
           "id": "ID047",
           "name": "Adalberto Thurston",
           "gender": "Male",
           "language": "Tsonga",
           "company": "Smart Products Corporation",
           "phone": "+55 54 2937-9369",
           "email": "Drew_Brennan3@nowhere.com",
           "photo": "placehold.it/350x150",
           "isemployed": 0,
           "mstatus": "Married",
           "dob": "07/01/1991",
           "address": "99 NW Stonewood Parkway, Phoenix, Arizona, 54338",
           "latitude": -24,
           "longitude": 165.0,
           "children": [
             {
               "name": "Benny Abbott",
               "gender": "Male"
             },
             {
               "name": "Connie Abrams",
               "gender": "Male"
             }
           ]
         },
         {
           "id": "ID048",
           "name": "Maddie Abraham",
           "gender": "Female",
           "language": "Hebrew",
           "company": "General High-Technologies Co.",
           "phone": "+49 (3256) 516138",
           "email": "Stiltner@example.com",
           "photo": "placehold.it/350x150",
           "isemployed": 1,
           "mstatus": "Single",
           "dob": "06/04/1991",
           "address": "2285 Red Deepwood Rd, Buhl Bldg, Honolulu, Hawaii, 68754",
           "latitude": 25,
           "longitude": 169.0,
           "children": [
             {
               "name": "Delaine Crump",
               "gender": "Female"
             },
             {
               "name": "Martha Tobias",
               "gender": "Male"
             }
           ]
         },
         {
           "id": "ID049",
           "name": "Barry Allred",
           "gender": "Female",
           "language": "Inupiaq",
           "company": "Domestic K-Mobile Inc.",
           "phone": "+55 55 9666-3984",
           "email": "Rock@example.com",
           "photo": "placehold.it/350x150",
           "isemployed": 0,
           "mstatus": "Single",
           "dob": "08/12/1999",
           "address": "58 Monument Court, Superior Bldg, Montgomery, Alabama, 84801",
           "latitude": 27,
           "longitude": -14.0,
           "children": [
             {
               "name": "Joycelyn Addison",
               "gender": "Female"
             }
           ]
         }
       ]', 23, '6087V19', '1973-06-13 00:53:18', '1981-02-25 12:36:00'),
       (8, 38, '7', 42, '[
         {
           "id": "ID050",
           "name": "Abdul Hudson",
           "gender": "Male",
           "language": "Nauru",
           "company": "First Services Inc.",
           "phone": "+380 04 248-388-8",
           "email": "Abraham6@example.com",
           "photo": "placehold.it/350x150",
           "isemployed": 1,
           "mstatus": "Widow",
           "dob": "07/10/2000",
           "address": "92 Prospect Hill Ln, 1st Floor, Carson City, Nevada, 76899",
           "latitude": 64,
           "longitude": -8.0,
           "children": [
             {
               "name": "Emogene Stanton",
               "gender": "Male"
             }
           ]
         },
         {
           "id": "ID051",
           "name": "Andy Gonzales",
           "gender": "Male",
           "language": "Chechen",
           "company": "Professional Heating Corp.",
           "phone": "+52 58 9024 0522",
           "email": "Alisia.Stout@nowhere.com",
           "photo": "placehold.it/350x150",
           "isemployed": 0,
           "mstatus": "Married",
           "dob": "24/05/1994",
           "address": "2930 White Front Ct, MidAmerican Building, Raleigh, NC, 85342",
           "latitude": -2,
           "longitude": -97.0,
           "children": [
             {
               "name": "Lady Frey",
               "gender": "Female"
             }
           ]
         },
         {
           "id": "ID052",
           "name": "Virginia Loera",
           "gender": "Female",
           "language": "Turkmen",
           "company": "City High-Technologies Corporation",
           "phone": "+49 (6080) 992569",
           "email": "Anthony_Stacey38@example.com",
           "photo": "placehold.it/350x150",
           "isemployed": 0,
           "mstatus": "Married",
           "dob": "20/04/2003",
           "address": "23 Hidden Meadowview Hwy, Olympia, Washington, 08183",
           "latitude": 66,
           "longitude": 32.0,
           "children": [
             {
               "name": "Austin Aiken",
               "gender": "Female"
             },
             {
               "name": "Beth Pacheco",
               "gender": "Male"
             }
           ]
         },
         {
           "id": "ID053",
           "name": "Ryan Abbott",
           "gender": "Male",
           "language": "Norwegian",
           "company": "Domestic High-Technologies Inc.",
           "phone": "+32 9 289 77 88",
           "email": "efor1215@example.com",
           "photo": "placehold.it/350x150",
           "isemployed": 1,
           "mstatus": "Married",
           "dob": "04/10/1993",
           "address": "38 Town Court, Nashville, TN, 92840",
           "latitude": 55,
           "longitude": 119.0,
           "children": [
             {
               "name": "Abel Collier",
               "gender": "Male"
             },
             {
               "name": "Cary Embry",
               "gender": "Male"
             }
           ]
         },
         {
           "id": "ID054",
           "name": "Adam Rigby",
           "gender": "Male",
           "language": "Lithuanian",
           "company": "Home Y-Mobile Group",
           "phone": "+1 552-171-7042",
           "email": "Winn@example.com",
           "photo": "placehold.it/350x150",
           "isemployed": 0,
           "mstatus": "Single",
           "dob": "20/07/1991",
           "address": "1859 New Ski Hill St, Buhl Bldg, Salem, Oregon, 88268",
           "latitude": 15,
           "longitude": -62.0,
           "children": [
             {
               "name": "Caterina Mills",
               "gender": "Male"
             }
           ]
         }
       ]', 35, '8NVK840093RGXX93QS970Z203H6WTPIE734RZ9E94J4G26SAW', '2014-04-29 11:33:49', '1970-01-01 00:09:27'),
       (9, 17, '8C277YL63', 48, '[
         {
           "id": "ID055",
           "name": "Sheba Paige",
           "gender": "Female",
           "language": "Kongo",
           "company": "First M-Mobile Corporation",
           "phone": "+380 47 056-485-3",
           "email": "Benitez@example.com",
           "photo": "placehold.it/350x150",
           "isemployed": 1,
           "mstatus": "Married",
           "dob": "01/02/1996",
           "address": "1172 South Waterview Hwy, First Security Building, Sacramento, CA, 59773",
           "latitude": -29,
           "longitude": 6.0,
           "children": [
             {
               "name": "Asuncion Abel",
               "gender": "Female"
             },
             {
               "name": "Theola Krieger",
               "gender": "Male"
             }
           ]
         },
         {
           "id": "ID056",
           "name": "Bertram Jefferson",
           "gender": "Male",
           "language": "Danish",
           "company": "East G-Mobile Group",
           "phone": "+44 043 115 2629",
           "email": "Emerson.Coombs@example.com",
           "photo": "placehold.it/350x150",
           "isemployed": 0,
           "mstatus": "Single",
           "dob": "13/08/1993",
           "address": "49 97th Pkwy, Atlanta, Georgia, 70418",
           "latitude": -22,
           "longitude": 0.0,
           "children": [
             {
               "name": "Abbie Kitchens",
               "gender": "Male"
             },
             {
               "name": "Ervin Rafferty",
               "gender": "Female"
             }
           ]
         },
         {
           "id": "ID057",
           "name": "Francis Mcintyre",
           "gender": "Male",
           "language": "Akan",
           "company": "East High-Technologies Group",
           "phone": "+1 777-774-2197",
           "email": "AlaynaMcafee87@nowhere.com",
           "photo": "placehold.it/350x150",
           "isemployed": 1,
           "mstatus": "Married",
           "dob": "05/07/1993",
           "address": "1944 White Woodfort Ct, Little Rock, AR, 14131",
           "latitude": -18,
           "longitude": 88.0,
           "children": [
             {
               "name": "Alexa Alvarado",
               "gender": "Male"
             },
             {
               "name": "Doug Adams",
               "gender": "Female"
             }
           ]
         },
         {
           "id": "ID058",
           "name": "Melynda Bigelow",
           "gender": "Male",
           "language": "Marshallese",
           "company": "West Coast Automotive Group",
           "phone": "+420 532 445 168",
           "email": "Youngblood139@example.com",
           "photo": "placehold.it/350x150",
           "isemployed": 0,
           "mstatus": "Married",
           "dob": "19/01/1991",
           "address": "1001 Mountain St, Keith Building, Montgomery, AL, 94253",
           "latitude": 9,
           "longitude": -28.0,
           "children": [
             {
               "name": "Carlton Christian",
               "gender": "Male"
             },
             {
               "name": "Teri Almanza",
               "gender": "Male"
             }
           ]
         },
         {
           "id": "ID059",
           "name": "Vickie Schultz",
           "gender": "Male",
           "language": "Tajik",
           "company": "Smart Services Inc.",
           "phone": "+49 9725 014965",
           "email": "AlfredoL_Slone863@example.com",
           "photo": "placehold.it/350x150",
           "isemployed": 0,
           "mstatus": "Single",
           "dob": "10/09/1993",
           "address": "2640 Deepwood Hwy, Duke Energy Building, Montgomery, Alabama, 35651",
           "latitude": 1,
           "longitude": 100.0,
           "children": [
             {
               "name": "Jordon Strong",
               "gender": "Male"
             },
             {
               "name": "Margarett Adcock",
               "gender": "Male"
             }
           ]
         },
         {
           "id": "ID060",
           "name": "Nikia Almond",
           "gender": "Male",
           "language": "Dutch",
           "company": "West Coast Electricity Inc.",
           "phone": "+44 4835 059066",
           "email": "Fletcher_Teague@nowhere.com",
           "photo": "placehold.it/350x150",
           "isemployed": 0,
           "mstatus": "Single",
           "dob": "17/09/1997",
           "address": "1793 Sharp Hill Cir, Appartment 786, Indianapolis, Indiana, 53931",
           "latitude": 7,
           "longitude": -84.0,
           "children": [
             {
               "name": "Afton Henson",
               "gender": "Male"
             },
             {
               "name": "Marhta Aleman",
               "gender": "Female"
             }
           ]
         },
         {
           "id": "ID061",
           "name": "Christene Stiles",
           "gender": "Male",
           "language": "Ganda",
           "company": "United Y-Mobile Inc.",
           "phone": "+971 8 402 9369",
           "email": "Damian_XAlba@example.com",
           "photo": "placehold.it/350x150",
           "isemployed": 0,
           "mstatus": "Married",
           "dob": "06/03/1993",
           "address": "1570 Hope Ct, Standard Bldg, Helena, MT, 14749",
           "latitude": -31,
           "longitude": 1.0,
           "children": [
             {
               "name": "Alene Matney",
               "gender": "Male"
             }
           ]
         }
       ]', 46, '51D256LF2G6', '2016-11-16 15:30:23', '1970-01-01 00:15:15'),
       (10, 46, 'L', 36, '[
         {
           "id": "ID062",
           "name": "Ron Abney",
           "gender": "Female",
           "language": "Finnish",
           "company": "Professional Z-Mobile Inc.",
           "phone": "+380 96 192-822-0",
           "email": "TeofilaE_Fowler@nowhere.com",
           "photo": "placehold.it/350x150",
           "isemployed": 1,
           "mstatus": "Married",
           "dob": "11/08/2000",
           "address": "1597 NW Hazelwood Highway, Lincoln, NE, 50506",
           "latitude": -45,
           "longitude": 147.0,
           "children": [
             {
               "name": "Florida Rasmussen",
               "gender": "Female"
             }
           ]
         },
         {
           "id": "ID063",
           "name": "Ada Ackerman",
           "gender": "Female",
           "language": "Aragonese",
           "company": "American Solar Resources Corporation",
           "phone": "+52 51 1401 5349",
           "email": "ThomasTruitt7@example.com",
           "photo": "placehold.it/350x150",
           "isemployed": 1,
           "mstatus": "Married",
           "dob": "14/03/1998",
           "address": "356 W Waterview Cir, Judge Building, Pierre, South Dakota, 46720",
           "latitude": -58,
           "longitude": -31.0,
           "children": [
             {
               "name": "Neville Bottoms",
               "gender": "Male"
             },
             {
               "name": "Viola Baca",
               "gender": "Female"
             }
           ]
         },
         {
           "id": "ID064",
           "name": "Rene Kemper",
           "gender": "Male",
           "language": "Danish",
           "company": "North Delivery Corporation",
           "phone": "+49 0483 035725",
           "email": "Beau_Alba@example.com",
           "photo": "placehold.it/350x150",
           "isemployed": 0,
           "mstatus": "Single",
           "dob": "13/11/1999",
           "address": "791 South Chapel Hill Parkway, Montpelier, VT, 76203",
           "latitude": -62,
           "longitude": -70.0,
           "children": [
             {
               "name": "Verena Acevedo",
               "gender": "Female"
             }
           ]
         },
         {
           "id": "ID065",
           "name": "Delaine Escalante",
           "gender": "Male",
           "language": "Turkish",
           "company": "Flexible 2G Wireless Inc.",
           "phone": "+49-8143-982856",
           "email": "Cloutier452@example.com",
           "photo": "placehold.it/350x150",
           "isemployed": 1,
           "mstatus": "Married",
           "dob": "05/10/1993",
           "address": "2563 W Riddle Hill Dr, Equitable Bldg, Columbia, South Carolina, 31603",
           "latitude": 34,
           "longitude": 132.0,
           "children": [
             {
               "name": "Natividad Abrams",
               "gender": "Female"
             },
             {
               "name": "Tristan Smiley",
               "gender": "Female"
             }
           ]
         },
         {
           "id": "ID066",
           "name": "Ying Connell",
           "gender": "Male",
           "language": "Armenian",
           "company": "Canadian Materials Corp.",
           "phone": "+49-2266-857822",
           "email": "RayfordLouis249@example.com",
           "photo": "placehold.it/350x150",
           "isemployed": 0,
           "mstatus": "Single",
           "dob": "25/02/1991",
           "address": "1276 SW Rockwood St, Atlanta, Georgia, 82030",
           "latitude": -70,
           "longitude": 169.0,
           "children": [
             {
               "name": "Ben Bunting",
               "gender": "Female"
             }
           ]
         }
       ]', 32, '75R1S86NKL6I', '1984-02-19 06:14:11', '2005-08-07 01:30:08'),
       (11, 48, '8Q', 48, '[
         {
           "id": "ID067",
           "name": "Josiah Cuellar",
           "gender": "Female",
           "language": "Maltese",
           "company": "Flexible K-Mobile Inc.",
           "phone": "+52 70 7291 6098",
           "email": "Menendez@example.com",
           "photo": "placehold.it/350x150",
           "isemployed": 1,
           "mstatus": "Single",
           "dob": "14/03/1997",
           "address": "836 North Brentwood Blvd, Lansing, Michigan, 71608",
           "latitude": 76,
           "longitude": -69.0,
           "children": [
             {
               "name": "Antony Bass",
               "gender": "Male"
             },
             {
               "name": "Quinn Andrew",
               "gender": "Female"
             }
           ]
         },
         {
           "id": "ID068",
           "name": "Benny Abbott",
           "gender": "Male",
           "language": "Lingala",
           "company": "City Space Research Corporation",
           "phone": "+44 0703 92 5558",
           "email": "Waldo.BBillingsley31@example.com",
           "photo": "placehold.it/350x150",
           "isemployed": 1,
           "mstatus": "Married",
           "dob": "08/01/1991",
           "address": "1735 Hazelwood Pkwy, Victor Executive Bldg, Charleston, West Virginia, 47218",
           "latitude": -42,
           "longitude": 113.0,
           "children": [
             {
               "name": "Luke Castellanos",
               "gender": "Female"
             },
             {
               "name": "Mariam Gaffney",
               "gender": "Female"
             }
           ]
         },
         {
           "id": "ID069",
           "name": "Connie Abrams",
           "gender": "Male",
           "language": "Bengali",
           "company": "Federal High-Technologies Inc.",
           "phone": "+1 979-502-1032",
           "email": "aiqd9077@nowhere.com",
           "photo": "placehold.it/350x150",
           "isemployed": 1,
           "mstatus": "Single",
           "dob": "13/10/1998",
           "address": "3651 Riverview Street, Guardian Bldg, Honolulu, Hawaii, 33042",
           "latitude": 4,
           "longitude": -138.0,
           "children": [
             {
               "name": "Efrain Duff",
               "gender": "Female"
             }
           ]
         },
         {
           "id": "ID070",
           "name": "Martha Tobias",
           "gender": "Male",
           "language": "Aymara",
           "company": "Creative L-Mobile Inc.",
           "phone": "+420 088 694 185",
           "email": "BeauSibley215@example.com",
           "photo": "placehold.it/350x150",
           "isemployed": 0,
           "mstatus": "Divorced",
           "dob": "10/10/1994",
           "address": "1917 New Mount Drive, Kearns Building, Denver, CO, 04963",
           "latitude": 22,
           "longitude": -150.0,
           "children": [
             {
               "name": "Micha Troutman",
               "gender": "Female"
             },
             {
               "name": "Randy Dalton",
               "gender": "Female"
             }
           ]
         },
         {
           "id": "ID071",
           "name": "Delaine Crump",
           "gender": "Female",
           "language": "Bosnian",
           "company": "Canadian High-Technologies Corp.",
           "phone": "+971 5 939 7504",
           "email": "Ezell899@nowhere.com",
           "photo": "placehold.it/350x150",
           "isemployed": 1,
           "mstatus": "Married",
           "dob": "20/01/1991",
           "address": "3324 Rushwood Way, Suite 7823, Tallahassee, Florida, 67720",
           "latitude": -66,
           "longitude": 4.0,
           "children": [
             {
               "name": "Kurt Garvin",
               "gender": "Male"
             },
             {
               "name": "Logan Rickard",
               "gender": "Male"
             }
           ]
         },
         {
           "id": "ID072",
           "name": "Joycelyn Addison",
           "gender": "Female",
           "language": "Ukrainian",
           "company": "National J-Mobile Corporation",
           "phone": "+420 910 370 133",
           "email": "Kahn738@example.com",
           "photo": "placehold.it/350x150",
           "isemployed": 0,
           "mstatus": "Married",
           "dob": "06/02/1997",
           "address": "175 Red Hope Loop, Diamond Building, Boise, Idaho, 60295",
           "latitude": -12,
           "longitude": 91.0,
           "children": [
             {
               "name": "Breanna Casper",
               "gender": "Male"
             }
           ]
         }
       ]', 39, 'XWA2P', '1992-03-15 22:26:28', '1978-07-11 06:18:27'),
       (12, 16, '1', 50, '[
         {
           "id": "ID073",
           "name": "Emogene Stanton",
           "gender": "Male",
           "language": "Afar",
           "company": "Beyond Space Research Corporation",
           "phone": "+33 3 36 40 77 64",
           "email": "Mueller1@nowhere.com",
           "photo": "placehold.it/350x150",
           "isemployed": 0,
           "mstatus": "Single",
           "dob": "23/03/1991",
           "address": "81 Old Riverview Hwy, Buhl Bldg, Augusta, ME, 51496",
           "latitude": 52,
           "longitude": -66.0,
           "children": [
             {
               "name": "Adam Castle",
               "gender": "Male"
             }
           ]
         },
         {
           "id": "ID074",
           "name": "Lady Frey",
           "gender": "Female",
           "language": "Tahitian",
           "company": "Australian 3G Wireless Group",
           "phone": "+971 3 960 7558",
           "email": "FerdinandKWaddell@example.com",
           "photo": "placehold.it/350x150",
           "isemployed": 0,
           "mstatus": "Single",
           "dob": "05/04/2002",
           "address": "1400 NE Bayview Lane, Superior Building, Phoenix, Arizona, 65413",
           "latitude": -63,
           "longitude": 77.0,
           "children": [
             {
               "name": "Paola Duval",
               "gender": "Female"
             },
             {
               "name": "Samatha Abrams",
               "gender": "Female"
             }
           ]
         },
         {
           "id": "ID075",
           "name": "Beth Pacheco",
           "gender": "Male",
           "language": "Tatar",
           "company": "Home R-Mobile Corporation",
           "phone": "+44 4644 675209",
           "email": "AdelinaCantrell993@example.com",
           "photo": "placehold.it/350x150",
           "isemployed": 0,
           "mstatus": "Single",
           "dob": "08/05/2003",
           "address": "76 S Riddle Hill Circle, STE 1, Lansing, MI, 25741",
           "latitude": 6,
           "longitude": -180.0,
           "children": [
             {
               "name": "Rayford Pulley",
               "gender": "Female"
             }
           ]
         }
       ]', 13, 'L', '1970-02-05 16:48:14', '1970-04-19 23:07:22'),
       (13, 3, '0', 36, '[
         {
           "id": "ID076",
           "name": "Austin Aiken",
           "gender": "Female",
           "language": "Mongolian",
           "company": "Global Industry Corporation",
           "phone": "+52 67 6695 1370",
           "email": "sqzb8990@example.com",
           "photo": "placehold.it/350x150",
           "isemployed": 0,
           "mstatus": "Single",
           "dob": "11/02/1996",
           "address": "2931 Ski Hill Ct, Atlanta, GA, 30040",
           "latitude": -6,
           "longitude": 157.0,
           "children": [
             {
               "name": "Edythe Ridley",
               "gender": "Male"
             },
             {
               "name": "Ned Abney",
               "gender": "Male"
             }
           ]
         },
         {
           "id": "ID077",
           "name": "Cary Embry",
           "gender": "Male",
           "language": "Czech",
           "company": "Western Consulting Inc.",
           "phone": "+44 9557 777484",
           "email": "Abdul_Nunez@nowhere.com",
           "photo": "placehold.it/350x150",
           "isemployed": 1,
           "mstatus": "Single",
           "dob": "12/03/2003",
           "address": "893 Highland Loop, Denver, Colorado, 64431",
           "latitude": -52,
           "longitude": -137.0,
           "children": [
             {
               "name": "Colleen Bunch",
               "gender": "Male"
             }
           ]
         },
         {
           "id": "ID078",
           "name": "Abel Collier",
           "gender": "Male",
           "language": "Italian",
           "company": "South Y-Mobile Corporation",
           "phone": "+420 962 527 952",
           "email": "Alexander@example.com",
           "photo": "placehold.it/350x150",
           "isemployed": 0,
           "mstatus": "Single",
           "dob": "12/05/1994",
           "address": "595 E Highland Circle, 1st Floor, Lincoln, NE, 78842",
           "latitude": 61,
           "longitude": 118.0,
           "children": [
             {
               "name": "Berniece Macdonald",
               "gender": "Male"
             }
           ]
         },
         {
           "id": "ID079",
           "name": "Caterina Mills",
           "gender": "Male",
           "language": "Estonian",
           "company": "Flexible Space Explore Corp.",
           "phone": "+32 4 592 24 38",
           "email": "Gilley81@example.com",
           "photo": "placehold.it/350x150",
           "isemployed": 1,
           "mstatus": "Married",
           "dob": "02/07/1991",
           "address": "910 N Rockwood St, Macy''s Building, Sacramento, CA, 23838",
           "latitude": -22,
           "longitude": -98.0,
           "children": [
             {
               "name": "Annabelle Aldridge",
               "gender": "Male"
             }
           ]
         },
         {
           "id": "ID080",
           "name": "Theola Krieger",
           "gender": "Male",
           "language": "Hebrew",
           "company": "Smart High-Technologies Inc.",
           "phone": "+52 35 7393 1938",
           "email": "Cinderella.QDonald1@example.com",
           "photo": "placehold.it/350x150",
           "isemployed": 1,
           "mstatus": "Widowed",
           "dob": "27/05/1991",
           "address": "2175 Mountain Blvd, Diamond Bldg, Raleigh, NC, 91836",
           "latitude": -60,
           "longitude": -92.0,
           "children": [
             {
               "name": "Adam Minter",
               "gender": "Male"
             }
           ]
         },
         {
           "id": "ID081",
           "name": "Asuncion Abel",
           "gender": "Female",
           "language": "Chuvash",
           "company": "North 3G Wireless Corporation",
           "phone": "+49-5266-017924",
           "email": "ztxqv9633@example.com",
           "photo": "placehold.it/350x150",
           "isemployed": 0,
           "mstatus": "Married",
           "dob": "21/08/1994",
           "address": "544 North Farmview Parkway, Nashville, TN, 11732",
           "latitude": 48,
           "longitude": 157.0,
           "children": [
             {
               "name": "Abe Jefferson",
               "gender": "Female"
             },
             {
               "name": "Quincy Curry",
               "gender": "Male"
             }
           ]
         },
         {
           "id": "ID082",
           "name": "Ervin Rafferty",
           "gender": "Female",
           "language": "Macedonian",
           "company": "East Nuclear Energy Group",
           "phone": "+32 3 547 33 20",
           "email": "AbelM@nowhere.com",
           "photo": "placehold.it/350x150",
           "isemployed": 0,
           "mstatus": "Married",
           "dob": "04/01/1991",
           "address": "3378 W Hope Ct, Annapolis, Maryland, 48973",
           "latitude": 38,
           "longitude": -160.0,
           "children": [
             {
               "name": "Angelo Bittner",
               "gender": "Male"
             },
             {
               "name": "Carline Gillis",
               "gender": "Male"
             }
           ]
         }
       ]', 8, 'F66LLF095HJ739Y7BLOMZ8WBDY5961LASSGZH', '2003-03-04 02:54:19', '1970-01-01 00:00:31'),
       (14, 10, 'S0', 54, '[
         {
           "id": "ID083",
           "name": "Abbie Kitchens",
           "gender": "Male",
           "language": "Armenian",
           "company": "WorldWide 5G Wireless Inc.",
           "phone": "+49-5863-385545",
           "email": "Jameson6@example.com",
           "photo": "placehold.it/350x150",
           "isemployed": 0,
           "mstatus": "Single",
           "dob": "20/07/1999",
           "address": "475 Woodland St, Salt Lake City, Utah, 94526",
           "latitude": 16,
           "longitude": -31.0,
           "children": [
             {
               "name": "Scottie Humphreys",
               "gender": "Female"
             }
           ]
         },
         {
           "id": "ID084",
           "name": "Doug Adams",
           "gender": "Female",
           "language": "Finnish",
           "company": "Union Space Explore Group",
           "phone": "+420 919 333 812",
           "email": "Eugenia.Halsey@example.com",
           "photo": "placehold.it/350x150",
           "isemployed": 1,
           "mstatus": "Married",
           "dob": "22/02/2001",
           "address": "484 Buttonwood Rd, APT 652, Des Moines, Iowa, 82419",
           "latitude": 51,
           "longitude": -60.0,
           "children": [
             {
               "name": "Alethia Roush",
               "gender": "Female"
             },
             {
               "name": "Faviola Yoder",
               "gender": "Female"
             }
           ]
         },
         {
           "id": "ID085",
           "name": "Alexa Alvarado",
           "gender": "Male",
           "language": "Xhosa",
           "company": "Professional Solar Resources Corp.",
           "phone": "+52 88 7907 1106",
           "email": "zkewgueg306@example.com",
           "photo": "placehold.it/350x150",
           "isemployed": 1,
           "mstatus": "Single",
           "dob": "06/01/1991",
           "address": "2385 Glenwood Drive, Boise, Idaho, 54055",
           "latitude": -23,
           "longitude": 34.0,
           "children": [
             {
               "name": "Ferdinand Antoine",
               "gender": "Female"
             },
             {
               "name": "Tereasa Hynes",
               "gender": "Female"
             }
           ]
         },
         {
           "id": "ID086",
           "name": "Teri Almanza",
           "gender": "Male",
           "language": "Hindi",
           "company": "South High-Technologies Corporation",
           "phone": "+44 3348 440120",
           "email": "Gleason3@example.com",
           "photo": "placehold.it/350x150",
           "isemployed": 0,
           "mstatus": "Single",
           "dob": "27/10/1991",
           "address": "801 East Mount Ct, Trenton, NJ, 77689",
           "latitude": 45,
           "longitude": -90.0,
           "children": [
             {
               "name": "Oleta Linder",
               "gender": "Female"
             }
           ]
         },
         {
           "id": "ID087",
           "name": "Carlton Christian",
           "gender": "Male",
           "language": "Telugu",
           "company": "East High-Technologies Group",
           "phone": "+52 23 2977 7574",
           "email": "aacuxykv_oezjkvuvl@example.com",
           "photo": "placehold.it/350x150",
           "isemployed": 0,
           "mstatus": "Married",
           "dob": "04/03/1996",
           "address": "2425 E Burwood Lane, Harrisburg, Pennsylvania, 13578",
           "latitude": -72,
           "longitude": 87.0,
           "children": [
             {
               "name": "Doretha Tracy",
               "gender": "Female"
             },
             {
               "name": "Maye Beltran",
               "gender": "Male"
             }
           ]
         },
         {
           "id": "ID088",
           "name": "Margarett Adcock",
           "gender": "Male",
           "language": "Rundi",
           "company": "First Management Group",
           "phone": "+33 9 86 93 64 26",
           "email": "LeslieHartley97@example.com",
           "photo": "placehold.it/350x150",
           "isemployed": 0,
           "mstatus": "Single",
           "dob": "06/10/2001",
           "address": "33 N Market Circle, Concord, NH, 20755",
           "latitude": -85,
           "longitude": -144.0,
           "children": [
             {
               "name": "Eugenio Cabrera",
               "gender": "Male"
             },
             {
               "name": "Marcelene Lightfoot",
               "gender": "Female"
             }
           ]
         }
       ]', 28, 'EPR0B02NK5DA43H362T5STBBW3ACS507ZB3UQUXGM80D0SSXMW1HGO', '1970-01-01 00:15:23', '1993-02-02 12:59:47'),
       (15, 43, 'Y', 38, '[
         {
           "id": "ID089",
           "name": "Jordon Strong",
           "gender": "Male",
           "language": "Sanskrit",
           "company": "Pacific Optics Group",
           "phone": "+44 003 283 8558",
           "email": "Abel.Abrams428@example.com",
           "photo": "placehold.it/350x150",
           "isemployed": 1,
           "mstatus": "Married",
           "dob": "09/01/1991",
           "address": "696 Flintwood Ct, Judge Building, Salt Lake City, UT, 69613",
           "latitude": 8,
           "longitude": -60.0,
           "children": [
             {
               "name": "Kerrie Anaya",
               "gender": "Male"
             }
           ]
         },
         {
           "id": "ID090",
           "name": "Marhta Aleman",
           "gender": "Female",
           "language": "Faroese",
           "company": "International Goods Co.",
           "phone": "+1 401-198-0360",
           "email": "Barton.Mullis18@example.com",
           "photo": "placehold.it/350x150",
           "isemployed": 0,
           "mstatus": "Single",
           "dob": "18/10/1997",
           "address": "115 Deepwood Street, 2nd FL, Baton Rouge, LA, 23635",
           "latitude": 70,
           "longitude": 143.0,
           "children": [
             {
               "name": "Rickie Taggart",
               "gender": "Male"
             }
           ]
         },
         {
           "id": "ID091",
           "name": "Afton Henson",
           "gender": "Male",
           "language": "Tigrinya",
           "company": "Federal Natural Gas Energy Corporation",
           "phone": "+33 9 76 66 13 49",
           "email": "FlorencioPerrin492@example.com",
           "photo": "placehold.it/350x150",
           "isemployed": 0,
           "mstatus": "Divorced",
           "dob": "30/08/1992",
           "address": "91 Monument Ct, Diamond Bldg, Montpelier, Vermont, 44308",
           "latitude": 4,
           "longitude": 142.0,
           "children": [
             {
               "name": "Darryl Dewitt",
               "gender": "Male"
             }
           ]
         }
       ]', 7, 'U16057UK8AA25', '1981-07-04 16:38:03', '2008-08-09 09:46:39'),
       (16, 47, '0K1', 32, '[
         {
           "id": "ID092",
           "name": "Alene Matney",
           "gender": "Male",
           "language": "Finnish",
           "company": "Global High-Technologies Inc.",
           "phone": "+49 (1420) 442771",
           "email": "Beckman@nowhere.com",
           "photo": "placehold.it/350x150",
           "isemployed": 0,
           "mstatus": "Married",
           "dob": "30/06/1994",
           "address": "50 Church Ave, Appartment 927, Atlanta, GA, 78014",
           "latitude": 73,
           "longitude": -39.0,
           "children": [
             {
               "name": "Lucia Mccloud",
               "gender": "Male"
             },
             {
               "name": "Patricia Byrnes",
               "gender": "Male"
             }
           ]
         },
         {
           "id": "ID093",
           "name": "Florida Rasmussen",
           "gender": "Female",
           "language": "Polish",
           "company": "Canadian Space Explore Group",
           "phone": "+32 9 006 88 94",
           "email": "DanutaHeard9@example.com",
           "photo": "placehold.it/350x150",
           "isemployed": 1,
           "mstatus": "Single",
           "dob": "08/01/1999",
           "address": "45 West Rock Hill Loop, Macy''s Building, Providence, RI, 40466",
           "latitude": -79,
           "longitude": -60.0,
           "children": [
             {
               "name": "Alethia Stafford",
               "gender": "Male"
             },
             {
               "name": "Angelo Schubert",
               "gender": "Male"
             }
           ]
         },
         {
           "id": "ID094",
           "name": "Neville Bottoms",
           "gender": "Male",
           "language": "Portuguese",
           "company": "General Mobile Group",
           "phone": "+55 10 6969-9463",
           "email": "ElmoPearson@example.com",
           "photo": "placehold.it/350x150",
           "isemployed": 1,
           "mstatus": "Widowed",
           "dob": "01/09/1991",
           "address": "1975 Ironwood Hwy, Olympia, Washington, 34653",
           "latitude": 51,
           "longitude": 135.0,
           "children": [
             {
               "name": "Houston Chaffin",
               "gender": "Male"
             },
             {
               "name": "Michal Edmond",
               "gender": "Female"
             }
           ]
         },
         {
           "id": "ID095",
           "name": "Viola Baca",
           "gender": "Female",
           "language": "Tatar",
           "company": "Pacific Automotive Group",
           "phone": "+44 427 587 2022",
           "email": "isvrn5746@example.com",
           "photo": "placehold.it/350x150",
           "isemployed": 0,
           "mstatus": "Married",
           "dob": "27/04/1994",
           "address": "704 Mountain Highway, Sacramento, California, 80222",
           "latitude": -63,
           "longitude": 73.0,
           "children": [
             {
               "name": "Bernarda Partridge",
               "gender": "Male"
             },
             {
               "name": "Sixta Balderas",
               "gender": "Male"
             }
           ]
         },
         {
           "id": "ID096",
           "name": "Verena Acevedo",
           "gender": "Female",
           "language": "Fijian",
           "company": "Domestic Renewable Resources Group",
           "phone": "+1 406-605-2002",
           "email": "Quyen.Holliday@example.com",
           "photo": "placehold.it/350x150",
           "isemployed": 0,
           "mstatus": "Single",
           "dob": "10/03/1991",
           "address": "1164 East Riverview Loop, Nashville, Tennessee, 02018",
           "latitude": 7,
           "longitude": -153.0,
           "children": [
             {
               "name": "Cara Foreman",
               "gender": "Female"
             }
           ]
         },
         {
           "id": "ID097",
           "name": "Natividad Abrams",
           "gender": "Female",
           "language": "Corsican",
           "company": "Pacific Space Explore Group",
           "phone": "+32 1 974 03 04",
           "email": "wpmrqpzi8@example.com",
           "photo": "placehold.it/350x150",
           "isemployed": 0,
           "mstatus": "Married",
           "dob": "26/01/1993",
           "address": "887 Hazelwood Circle, Sacramento, CA, 37379",
           "latitude": -86,
           "longitude": -116.0,
           "children": [
             {
               "name": "Marlene Purcell",
               "gender": "Female"
             },
             {
               "name": "Raymon Patino",
               "gender": "Male"
             }
           ]
         },
         {
           "id": "ID098",
           "name": "Tristan Smiley",
           "gender": "Female",
           "language": "Swati",
           "company": "National Space Explore Corporation",
           "phone": "+49-1054-667336",
           "email": "Costa726@example.com",
           "photo": "placehold.it/350x150",
           "isemployed": 0,
           "mstatus": "Single",
           "dob": "26/06/1992",
           "address": "3430 Oak Street, 2nd Floor, Carson City, NV, 91910",
           "latitude": 47,
           "longitude": 50.0,
           "children": [
             {
               "name": "Donetta Silvers",
               "gender": "Male"
             },
             {
               "name": "Page Strand",
               "gender": "Male"
             }
           ]
         }
       ]', 23, '283BS4OQ6P', '1992-02-14 13:07:22', '1970-01-01 00:00:14'),
       (17, 23, '7', 36, '[
         {
           "id": "ID099",
           "name": "Ben Bunting",
           "gender": "Female",
           "language": "Inupiaq",
           "company": "Western I-Mobile Co.",
           "phone": "+52 51 5245 2267",
           "email": "OzieAbel@example.com",
           "photo": "placehold.it/350x150",
           "isemployed": 0,
           "mstatus": "Married",
           "dob": "07/11/1997",
           "address": "42 Quailwood Circle, Atlanta, Georgia, 35891",
           "latitude": 31,
           "longitude": 7.0,
           "children": [
             {
               "name": "Shameka Silvia",
               "gender": "Female"
             }
           ]
         },
         {
           "id": "ID100",
           "name": "Antony Bass",
           "gender": "Male",
           "language": "Spanish",
           "company": "Beyond W-Mobile Corporation",
           "phone": "+32 0 913 33 00",
           "email": "Acosta727@nowhere.com",
           "photo": "placehold.it/350x150",
           "isemployed": 1,
           "mstatus": "Widow",
           "dob": "27/02/1997",
           "address": "73 E Mount Ct, Duke Energy Bldg, Harrisburg, PA, 93406",
           "latitude": 28,
           "longitude": 84.0,
           "children": [
             {
               "name": "Claude Whitt",
               "gender": "Male"
             },
             {
               "name": "Polly Jorgensen",
               "gender": "Female"
             }
           ]
         },
         {
           "id": "ID101",
           "name": "Quinn Andrew",
           "gender": "Female",
           "language": "Ido",
           "company": "International 5G Wireless Corporation",
           "phone": "+44 5835 26 3018",
           "email": "Baggett@example.com",
           "photo": "placehold.it/350x150",
           "isemployed": 0,
           "mstatus": "Married",
           "dob": "20/10/1999",
           "address": "2913 North Sharp Hill Hwy, Carson City, Nevada, 70932",
           "latitude": 59,
           "longitude": -105.0,
           "children": [
             {
               "name": "Adelle Cornelius",
               "gender": "Male"
             },
             {
               "name": "Josiah Hillman",
               "gender": "Female"
             }
           ]
         },
         {
           "id": "ID102",
           "name": "Luke Castellanos",
           "gender": "Female",
           "language": "Pushto",
           "company": "General Explore Inc.",
           "phone": "+32 6 338 51 09",
           "email": "AkikoParedes@nowhere.com",
           "photo": "placehold.it/350x150",
           "isemployed": 1,
           "mstatus": "Married",
           "dob": "29/09/1992",
           "address": "3365 Old Farmview Highway, Pierre, South Dakota, 75117",
           "latitude": -33,
           "longitude": 48.0,
           "children": [
             {
               "name": "Ada Ambrose",
               "gender": "Male"
             },
             {
               "name": "Nam Adkins",
               "gender": "Female"
             }
           ]
         }
       ]', 47, NULL, '2015-08-16 19:04:44', NULL),
       (18, 8, 'P0', 42, '[
         {
           "id": "ID103",
           "name": "Mariam Gaffney",
           "gender": "Female",
           "language": "Czech",
           "company": "Canadian E-Mobile Inc.",
           "phone": "+44 869 880 6689",
           "email": "Armstead365@nowhere.com",
           "photo": "placehold.it/350x150",
           "isemployed": 0,
           "mstatus": "Widow",
           "dob": "04/01/1991",
           "address": "2895 North Ashwood Street, 257 Towers Building, Harrisburg, Pennsylvania, 74688",
           "latitude": -63,
           "longitude": 155.0,
           "children": [
             {
               "name": "Cris Billingsley",
               "gender": "Male"
             },
             {
               "name": "Lashaunda Abbott",
               "gender": "Female"
             }
           ]
         },
         {
           "id": "ID104",
           "name": "Efrain Duff",
           "gender": "Female",
           "language": "Pali",
           "company": "Future P-Mobile Corporation",
           "phone": "+52 76 5208 2300",
           "email": "Lockett@nowhere.com",
           "photo": "placehold.it/350x150",
           "isemployed": 1,
           "mstatus": "Married",
           "dob": "18/01/2001",
           "address": "64 Hidden Market Road, Charleston, WV, 77280",
           "latitude": -51,
           "longitude": 153.0,
           "children": [
             {
               "name": "Alva Adame",
               "gender": "Female"
             }
           ]
         },
         {
           "id": "ID105",
           "name": "Micha Troutman",
           "gender": "Female",
           "language": "Twi",
           "company": "North 2G Wireless Co.",
           "phone": "+49-2514-803230",
           "email": "KathleneBridges@nowhere.com",
           "photo": "placehold.it/350x150",
           "isemployed": 1,
           "mstatus": "Widowed",
           "dob": "18/09/1997",
           "address": "839 NW Riddle Hill Ct, Olympia, WA, 71953",
           "latitude": -60,
           "longitude": -100.0,
           "children": [
             {
               "name": "Adah Garza",
               "gender": "Male"
             }
           ]
         },
         {
           "id": "ID106",
           "name": "Randy Dalton",
           "gender": "Female",
           "language": "Galician",
           "company": "First Semiconductor Corporation",
           "phone": "+420 405 502 342",
           "email": "Bratcher@example.com",
           "photo": "placehold.it/350x150",
           "isemployed": 0,
           "mstatus": "Widowed",
           "dob": "16/02/1995",
           "address": "303 Ski Hill Circle, Bismarck, ND, 19266",
           "latitude": 41,
           "longitude": -2.0,
           "children": [
             {
               "name": "Emerson Hawes",
               "gender": "Female"
             }
           ]
         },
         {
           "id": "ID107",
           "name": "Kurt Garvin",
           "gender": "Male",
           "language": "Estonian",
           "company": "General Space Research Corporation",
           "phone": "+49 7861 440623",
           "email": "Abernathy4@example.com",
           "photo": "placehold.it/350x150",
           "isemployed": 0,
           "mstatus": "Married",
           "dob": "28/06/1994",
           "address": "587 Rose Hill Highway, Penobscot Building, Albany, NY, 94459",
           "latitude": 21,
           "longitude": 113.0,
           "children": [
             {
               "name": "Adam Tillman",
               "gender": "Female"
             },
             {
               "name": "Adolph Hernandez",
               "gender": "Male"
             }
           ]
         },
         {
           "id": "ID108",
           "name": "Logan Rickard",
           "gender": "Male",
           "language": "Chechen",
           "company": "Domestic Goods Corporation",
           "phone": "+380 93 655-400-6",
           "email": "Jonas_Pearson@example.com",
           "photo": "placehold.it/350x150",
           "isemployed": 0,
           "mstatus": "Single",
           "dob": "07/01/1991",
           "address": "2245 Highland Loop, Raleigh, NC, 44107",
           "latitude": 52,
           "longitude": -60.0,
           "children": [
             {
               "name": "Sterling Jude",
               "gender": "Male"
             }
           ]
         },
         {
           "id": "ID109",
           "name": "Breanna Casper",
           "gender": "Male",
           "language": "Latin",
           "company": "Advanced Delivery Co.",
           "phone": "+49 1766 610366",
           "email": "Delatorre@nowhere.com",
           "photo": "placehold.it/350x150",
           "isemployed": 1,
           "mstatus": "Married",
           "dob": "03/04/1998",
           "address": "3808 Old Cedar Tree Way, First Security Building, Augusta, ME, 13256",
           "latitude": -70,
           "longitude": 84.0,
           "children": [
             {
               "name": "Lillie Elmore",
               "gender": "Female"
             }
           ]
         }
       ]', 26, 'J', '1974-04-25 04:56:14', '2007-10-02 07:03:54'),
       (19, 32, '4', 54, '[
         {
           "id": "ID110",
           "name": "Adam Castle",
           "gender": "Male",
           "language": "Assamese",
           "company": "South 5G Wireless Group",
           "phone": "+420 059 067 885",
           "email": "EulaliaHutchinson678@example.com",
           "photo": "placehold.it/350x150",
           "isemployed": 1,
           "mstatus": "Married",
           "dob": "30/12/1991",
           "address": "2582 Market Blvd, Hartford, Connecticut, 50829",
           "latitude": -40,
           "longitude": 21.0,
           "children": [
             {
               "name": "August Bernal",
               "gender": "Male"
             },
             {
               "name": "Raymond Gainey",
               "gender": "Male"
             }
           ]
         },
         {
           "id": "ID111",
           "name": "Paola Duval",
           "gender": "Female",
           "language": "Afrikaans",
           "company": "Future Transport Co.",
           "phone": "+49 (9601) 652490",
           "email": "kghl87@nowhere.com",
           "photo": "placehold.it/350x150",
           "isemployed": 0,
           "mstatus": "Married",
           "dob": "25/08/1992",
           "address": "1098 E Riddle Hill Highway, First Security Building, Sacramento, California, 60753",
           "latitude": -62,
           "longitude": -24.0,
           "children": [
             {
               "name": "Gene Embry",
               "gender": "Female"
             },
             {
               "name": "Nicholas Abrams",
               "gender": "Male"
             }
           ]
         },
         {
           "id": "ID112",
           "name": "Samatha Abrams",
           "gender": "Female",
           "language": "Faroese",
           "company": "Future High-Technologies Inc.",
           "phone": "+32 1 815 16 94",
           "email": "Pelletier74@example.com",
           "photo": "placehold.it/350x150",
           "isemployed": 1,
           "mstatus": "Single",
           "dob": "19/02/1991",
           "address": "679 Hunting Hill Dr, Little Rock, Arkansas, 78579",
           "latitude": -77,
           "longitude": -121.0,
           "children": [
             {
               "name": "Adam Reich",
               "gender": "Male"
             },
             {
               "name": "Giuseppe Musser",
               "gender": "Male"
             }
           ]
         },
         {
           "id": "ID113",
           "name": "Rayford Pulley",
           "gender": "Female",
           "language": "Icelandic",
           "company": "Global Explore Corp.",
           "phone": "+55 27 0546-0457",
           "email": "LaurenceSeymore956@example.com",
           "photo": "placehold.it/350x150",
           "isemployed": 1,
           "mstatus": "Married",
           "dob": "05/03/1997",
           "address": "13 East Ski Hill Cir, Sacramento, California, 64851",
           "latitude": 44,
           "longitude": -102.0,
           "children": [
             {
               "name": "Monica Kirkland",
               "gender": "Female"
             }
           ]
         },
         {
           "id": "ID114",
           "name": "Edythe Ridley",
           "gender": "Male",
           "language": "Turkmen",
           "company": "Federal Industry Group",
           "phone": "+32 4 209 81 48",
           "email": "Reginald_Crouse@example.com",
           "photo": "placehold.it/350x150",
           "isemployed": 1,
           "mstatus": "Single",
           "dob": "03/02/2001",
           "address": "2680 Cedar Tree Court, Suite 29, Des Moines, IA, 03480",
           "latitude": -13,
           "longitude": 112.0,
           "children": [
             {
               "name": "Minh Gallegos",
               "gender": "Male"
             },
             {
               "name": "Ricki Turnbull",
               "gender": "Female"
             }
           ]
         },
         {
           "id": "ID115",
           "name": "Ned Abney",
           "gender": "Male",
           "language": "Dutch",
           "company": "City Space Research Inc.",
           "phone": "+49 8340 597739",
           "email": "rtztinnl_vpsyhac@example.com",
           "photo": "placehold.it/350x150",
           "isemployed": 1,
           "mstatus": "Single",
           "dob": "16/03/1991",
           "address": "1465 Hunting Hill Cir, Lansing, Michigan, 24362",
           "latitude": -49,
           "longitude": -17.0,
           "children": [
             {
               "name": "Chanel Okeefe",
               "gender": "Female"
             }
           ]
         },
         {
           "id": "ID116",
           "name": "Colleen Bunch",
           "gender": "Male",
           "language": "Tatar",
           "company": "Future E-Mobile Corp.",
           "phone": "+1 099-784-8776",
           "email": "AmiraArriaga@example.com",
           "photo": "placehold.it/350x150",
           "isemployed": 1,
           "mstatus": "Married",
           "dob": "27/07/1997",
           "address": "2431 Prospect Hill Pkwy, Bartlett Building, Des Moines, IA, 49872",
           "latitude": 12,
           "longitude": -174.0,
           "children": [
             {
               "name": "Ernest Edgar",
               "gender": "Male"
             },
             {
               "name": "Francine Tomlinson",
               "gender": "Male"
             }
           ]
         }
       ]', 32, 'M8R3UJ3UT', '2020-02-27 23:12:50', '1978-08-19 19:35:45'),
       (20, 45, '8', 44, '[
         {
           "id": "ID117",
           "name": "Berniece Macdonald",
           "gender": "Male",
           "language": "Georgian",
           "company": "Global 4G Wireless Group",
           "phone": "+49-0418-710435",
           "email": "HollingsworthK@example.com",
           "photo": "placehold.it/350x150",
           "isemployed": 0,
           "mstatus": "Single",
           "dob": "27/04/1995",
           "address": "61 3rd Highway, Charleston, West Virginia, 81379",
           "latitude": -53,
           "longitude": -63.0,
           "children": [
             {
               "name": "Freddie Langston",
               "gender": "Male"
             }
           ]
         },
         {
           "id": "ID118",
           "name": "Annabelle Aldridge",
           "gender": "Male",
           "language": "Danish",
           "company": "Canadian U-Mobile Inc.",
           "phone": "+49 (0616) 380497",
           "email": "Kelly@example.com",
           "photo": "placehold.it/350x150",
           "isemployed": 0,
           "mstatus": "Married",
           "dob": "01/09/1992",
           "address": "969 Rushwood St, Enquirer Building, Frankfort, Kentucky, 97498",
           "latitude": -21,
           "longitude": -24.0,
           "children": [
             {
               "name": "Francisco Abreu",
               "gender": "Female"
             }
           ]
         },
         {
           "id": "ID119",
           "name": "Adam Minter",
           "gender": "Male",
           "language": "Japanese",
           "company": "Australian High-Technologies Group",
           "phone": "+49-1310-321871",
           "email": "augyi4@nowhere.com",
           "photo": "placehold.it/350x150",
           "isemployed": 1,
           "mstatus": "Married",
           "dob": "24/03/1991",
           "address": "1523 East Church Circle, Boston, MA, 26569",
           "latitude": -63,
           "longitude": 12.0,
           "children": [
             {
               "name": "Thomas Acevedo",
               "gender": "Male"
             }
           ]
         },
         {
           "id": "ID120",
           "name": "Abe Jefferson",
           "gender": "Female",
           "language": "Guarani",
           "company": "Flexible Petroleum Corporation",
           "phone": "+49-4103-497061",
           "email": "Pederson323@example.com",
           "photo": "placehold.it/350x150",
           "isemployed": 0,
           "mstatus": "Married",
           "dob": "23/03/1998",
           "address": "834 Riverside Ct, Salt Lake City, Utah, 42525",
           "latitude": -65,
           "longitude": 54.0,
           "children": [
             {
               "name": "Dana Merriman",
               "gender": "Male"
             },
             {
               "name": "Zulma Huey",
               "gender": "Male"
             }
           ]
         },
         {
           "id": "ID121",
           "name": "Quincy Curry",
           "gender": "Male",
           "language": "Fulah",
           "company": "Professional High-Technologies Corporation",
           "phone": "+1 494-653-8613",
           "email": "Odette_Bowie928@example.com",
           "photo": "placehold.it/350x150",
           "isemployed": 0,
           "mstatus": "Married",
           "dob": "05/10/1994",
           "address": "80 White Front Circle, STE 277, Providence, RI, 36051",
           "latitude": -18,
           "longitude": -23.0,
           "children": [
             {
               "name": "Brent Alger",
               "gender": "Male"
             }
           ]
         },
         {
           "id": "ID122",
           "name": "Carline Gillis",
           "gender": "Male",
           "language": "Burmese",
           "company": "Pacific Computers Corporation",
           "phone": "+33 4 84 50 50 36",
           "email": "Antwan.Neel@example.com",
           "photo": "placehold.it/350x150",
           "isemployed": 1,
           "mstatus": "Married",
           "dob": "25/09/1991",
           "address": "97 Red Brentwood Drive, Providence, Rhode Island, 45067",
           "latitude": 27,
           "longitude": 49.0,
           "children": [
             {
               "name": "Alfred Abraham",
               "gender": "Female"
             },
             {
               "name": "Jorge Goforth",
               "gender": "Male"
             }
           ]
         }
       ]', 38, 'W4', '2020-04-23 15:00:50', '2008-02-28 08:49:31'),
       (21, 1, NULL, NULL, NULL, 49, NULL, NULL, NULL),
       (22, 36, '84C', 40, '[
         {
           "id": "ID123",
           "name": "Angelo Bittner",
           "gender": "Male",
           "language": "Venda",
           "company": "Home Telecommunications Group",
           "phone": "+44 0369 74 3565",
           "email": "Denice.Colburn175@example.com",
           "photo": "placehold.it/350x150",
           "isemployed": 0,
           "mstatus": "Widowed",
           "dob": "04/02/1991",
           "address": "1419 SW Riverside Circle, Trenton, NJ, 08361",
           "latitude": -12,
           "longitude": -51.0,
           "children": [
             {
               "name": "Derick Jacks",
               "gender": "Male"
             },
             {
               "name": "Willis Marvin",
               "gender": "Male"
             }
           ]
         },
         {
           "id": "ID124",
           "name": "Scottie Humphreys",
           "gender": "Female",
           "language": "Marshallese",
           "company": "Federal Solar Energy Group",
           "phone": "+420 795 987 543",
           "email": "Jean@example.com",
           "photo": "placehold.it/350x150",
           "isemployed": 0,
           "mstatus": "Single",
           "dob": "21/07/1993",
           "address": "3302 North Parkwood St, Montgomery, AL, 33610",
           "latitude": -11,
           "longitude": -18.0,
           "children": [
             {
               "name": "Ardell Still",
               "gender": "Female"
             },
             {
               "name": "Raul Bowie",
               "gender": "Male"
             }
           ]
         },
         {
           "id": "ID125",
           "name": "Faviola Yoder",
           "gender": "Female",
           "language": "Cornish",
           "company": "International Green Energy Corp.",
           "phone": "+49-9876-553279",
           "email": "Kenisha_Lovell32@nowhere.com",
           "photo": "placehold.it/350x150",
           "isemployed": 1,
           "mstatus": "Divorced",
           "dob": "25/07/2000",
           "address": "20 Hidden Rockwood Blvd, Guardian Bldg, Honolulu, HI, 95728",
           "latitude": 22,
           "longitude": -133.0,
           "children": [
             {
               "name": "Arturo Fusco",
               "gender": "Male"
             },
             {
               "name": "Cayla Elrod",
               "gender": "Male"
             }
           ]
         },
         {
           "id": "ID126",
           "name": "Alethia Roush",
           "gender": "Female",
           "language": "Malagasy",
           "company": "Pacific Industry Co.",
           "phone": "+49 (2593) 550570",
           "email": "Artie.Barkley@example.com",
           "photo": "placehold.it/350x150",
           "isemployed": 0,
           "mstatus": "Married",
           "dob": "07/12/1992",
           "address": "3804 Chapel Hill Lane, Austin, TX, 13609",
           "latitude": 59,
           "longitude": 1.0,
           "children": [
             {
               "name": "Kristian Mattingly",
               "gender": "Female"
             },
             {
               "name": "Tamisha Alcala",
               "gender": "Male"
             }
           ]
         },
         {
           "id": "ID127",
           "name": "Tereasa Hynes",
           "gender": "Female",
           "language": "Esperanto",
           "company": "WorldWide Security Group",
           "phone": "+49 7384 458439",
           "email": "Tiana_Schultz1@nowhere.com",
           "photo": "placehold.it/350x150",
           "isemployed": 0,
           "mstatus": "Married",
           "dob": "09/06/1992",
           "address": "1122 East Chapel Hill Parkway, 3rd Floor, Little Rock, Arkansas, 18512",
           "latitude": 53,
           "longitude": -11.0,
           "children": [
             {
               "name": "Roberta Acevedo",
               "gender": "Female"
             },
             {
               "name": "Stephenie Aranda",
               "gender": "Female"
             }
           ]
         },
         {
           "id": "ID128",
           "name": "Ferdinand Antoine",
           "gender": "Female",
           "language": "Venda",
           "company": "Beyond Space Explore Corporation",
           "phone": "+44 4147 308631",
           "email": "JoaquinGuinn@nowhere.com",
           "photo": "placehold.it/350x150",
           "isemployed": 1,
           "mstatus": "Married",
           "dob": "30/10/1999",
           "address": "2237 Prospect Hill Dr, APT 75, Atlanta, GA, 23182",
           "latitude": -17,
           "longitude": -95.0,
           "children": [
             {
               "name": "Addie Lacy",
               "gender": "Male"
             },
             {
               "name": "Tanisha Boynton",
               "gender": "Female"
             }
           ]
         }
       ]', 28, 'GC94T8Y6I4O4', '1998-05-07 21:39:01', '1970-01-01 00:00:06'),
       (23, 8, 'SE6', 54, '[
         {
           "id": "ID129",
           "name": "Oleta Linder",
           "gender": "Female",
           "language": "Xhosa",
           "company": "Global W-Mobile Inc.",
           "phone": "+32 7 642 55 42",
           "email": "LeonilaAbney2@example.com",
           "photo": "placehold.it/350x150",
           "isemployed": 0,
           "mstatus": "Married",
           "dob": "02/01/1998",
           "address": "996 Buttonwood Highway, Jefferson City, Missouri, 43030",
           "latitude": 39,
           "longitude": -131.0,
           "children": [
             {
               "name": "Lynne Reddick",
               "gender": "Female"
             },
             {
               "name": "Maurice Abreu",
               "gender": "Male"
             }
           ]
         },
         {
           "id": "ID130",
           "name": "Maye Beltran",
           "gender": "Male",
           "language": "Faroese",
           "company": "Creative High-Technologies Corporation",
           "phone": "+971 0 117 8183",
           "email": "Jules_Swisher316@example.com",
           "photo": "placehold.it/350x150",
           "isemployed": 0,
           "mstatus": "Married",
           "dob": "19/05/1999",
           "address": "122 SW Social Hwy, Standard Building, Providence, RI, 91073",
           "latitude": -44,
           "longitude": 82.0,
           "children": [
             {
               "name": "Erika Abbott",
               "gender": "Female"
             }
           ]
         },
         {
           "id": "ID131",
           "name": "Doretha Tracy",
           "gender": "Female",
           "language": "Hungarian",
           "company": "Creative Fossil Fuel Energy Co.",
           "phone": "+49 1621 946485",
           "email": "Brumfield@nowhere.com",
           "photo": "placehold.it/350x150",
           "isemployed": 0,
           "mstatus": "Married",
           "dob": "05/03/1992",
           "address": "2958 Ski Hill Highway, Calyon Bldg, Des Moines, IA, 15563",
           "latitude": -80,
           "longitude": -91.0,
           "children": [
             {
               "name": "Fay Foley",
               "gender": "Female"
             }
           ]
         },
         {
           "id": "ID132",
           "name": "Eugenio Cabrera",
           "gender": "Male",
           "language": "Malagasy",
           "company": "Australian Products Inc.",
           "phone": "+380 70 953-580-6",
           "email": "AletaFerrara95@example.com",
           "photo": "placehold.it/350x150",
           "isemployed": 1,
           "mstatus": "Widow",
           "dob": "28/03/1991",
           "address": "3331 New Fox Hill Loop, Des Moines, IA, 64691",
           "latitude": -14,
           "longitude": -66.0,
           "children": [
             {
               "name": "Graham Mcknight",
               "gender": "Male"
             }
           ]
         }
       ]', 37, 'D4TI5977YA7W32', '1987-07-05 05:53:45', '1984-10-23 23:49:59'),
       (24, 12, '57IHK56', 44, '[
         {
           "id": "ID133",
           "name": "Marcelene Lightfoot",
           "gender": "Female",
           "language": "Arabic",
           "company": "Flexible Laboratories Inc.",
           "phone": "+49 5173 470709",
           "email": "Land64@example.com",
           "photo": "placehold.it/350x150",
           "isemployed": 0,
           "mstatus": "Married",
           "dob": "03/01/2002",
           "address": "573 Farmview Avenue, Bismarck, ND, 55342",
           "latitude": 15,
           "longitude": -44.0,
           "children": [
             {
               "name": "Nina Hensley",
               "gender": "Female"
             },
             {
               "name": "Valentine Chance",
               "gender": "Female"
             }
           ]
         },
         {
           "id": "ID134",
           "name": "Kerrie Anaya",
           "gender": "Male",
           "language": "Romansh",
           "company": "Flexible H-Mobile Inc.",
           "phone": "+420 204 728 694",
           "email": "Adolph.Arrington@example.com",
           "photo": "placehold.it/350x150",
           "isemployed": 1,
           "mstatus": "Married",
           "dob": "11/07/1999",
           "address": "28 Riddle Hill Pkwy, First Security Bldg, Salt Lake City, Utah, 66826",
           "latitude": 76,
           "longitude": -80.0,
           "children": [
             {
               "name": "Beau Schulze",
               "gender": "Male"
             },
             {
               "name": "Trudy Bivens",
               "gender": "Female"
             }
           ]
         }
       ]', 13, 'W37MSGQD0GAU9968U6E49079IP8CA5YFD22PJ0', '1983-04-07 05:13:21', '1970-01-01 02:16:16'),
       (25, 24, '8I8C4O7H', 44, '[
         {
           "id": "ID135",
           "name": "Rickie Taggart",
           "gender": "Male",
           "language": "Afar",
           "company": "United Space Explore Group",
           "phone": "+49 (7479) 656304",
           "email": "Hamblin@example.com",
           "photo": "placehold.it/350x150",
           "isemployed": 1,
           "mstatus": "Married",
           "dob": "19/12/1991",
           "address": "112 South Ski Hill Cir, 2nd Floor, Columbia, South Carolina, 11916",
           "latitude": 85,
           "longitude": 167.0,
           "children": [
             {
               "name": "Clinton Abreu",
               "gender": "Female"
             }
           ]
         },
         {
           "id": "ID136",
           "name": "Darryl Dewitt",
           "gender": "Male",
           "language": "German",
           "company": "North Q-Mobile Corp.",
           "phone": "+49 (2116) 353492",
           "email": "Marquis.Eddy@example.com",
           "photo": "placehold.it/350x150",
           "isemployed": 0,
           "mstatus": "Divorced",
           "dob": "13/11/1999",
           "address": "639 Beachwood Way, Bartlett Building, Jefferson City, Missouri, 63971",
           "latitude": 23,
           "longitude": 15.0,
           "children": [
             {
               "name": "Darwin Nelson",
               "gender": "Female"
             },
             {
               "name": "Fernando Church",
               "gender": "Female"
             }
           ]
         }
       ]', 32, 'S6SG9HB1IAYOY74I8H019H93', '1987-01-13 02:39:00', '1970-01-01 00:57:14'),
       (26, 27, 'N', 58, '[
         {
           "id": "ID137",
           "name": "Patricia Byrnes",
           "gender": "Male",
           "language": "Korean",
           "company": "Creative 4G Wireless Inc.",
           "phone": "+44 4193 27 1883",
           "email": "Abraham656@nowhere.com",
           "photo": "placehold.it/350x150",
           "isemployed": 1,
           "mstatus": "Married",
           "dob": "04/08/1998",
           "address": "26 South Edgewood Rd, Standard Bldg, Charleston, West Virginia, 39919",
           "latitude": 32,
           "longitude": -151.0,
           "children": [
             {
               "name": "Alica Whipple",
               "gender": "Female"
             }
           ]
         },
         {
           "id": "ID138",
           "name": "Lucia Mccloud",
           "gender": "Male",
           "language": "Dutch",
           "company": "Special Instruments Corporation",
           "phone": "+44 0777 47 4031",
           "email": "Alicea@example.com",
           "photo": "placehold.it/350x150",
           "isemployed": 0,
           "mstatus": "Single",
           "dob": "26/11/2003",
           "address": "1360 Monument Blvd, Little Rock, Arkansas, 50707",
           "latitude": -2,
           "longitude": -110.0,
           "children": [
             {
               "name": "Eldon Mccune",
               "gender": "Male"
             },
             {
               "name": "Grover Alvarez",
               "gender": "Female"
             }
           ]
         },
         {
           "id": "ID139",
           "name": "Alethia Stafford",
           "gender": "Male",
           "language": "Ossetian",
           "company": "Australian High-Technologies Inc.",
           "phone": "+32 1 069 96 32",
           "email": "Dominguez@example.com",
           "photo": "placehold.it/350x150",
           "isemployed": 1,
           "mstatus": "Married",
           "dob": "01/06/1998",
           "address": "898 Rockwood Ln, Frankfort, KY, 74158",
           "latitude": 21,
           "longitude": -125.0,
           "children": [
             {
               "name": "Cody Handley",
               "gender": "Female"
             },
             {
               "name": "Linh Barron",
               "gender": "Female"
             }
           ]
         },
         {
           "id": "ID140",
           "name": "Angelo Schubert",
           "gender": "Male",
           "language": "Estonian",
           "company": "South Devices Group",
           "phone": "+52 58 7016 3863",
           "email": "Olivo@example.com",
           "photo": "placehold.it/350x150",
           "isemployed": 1,
           "mstatus": "Single",
           "dob": "07/01/1991",
           "address": "1060 NW Meadowview Road, MidAmerican Building, Albany, New York, 01220",
           "latitude": 66,
           "longitude": -110.0,
           "children": [
             {
               "name": "Dorothea Bunnell",
               "gender": "Female"
             },
             {
               "name": "Gayle Leary",
               "gender": "Male"
             }
           ]
         }
       ]', 25, 'CVUP9XFMJ3OL5KBK4619I1P6ZN4MB6', '1990-09-26 11:51:48', '2007-10-06 09:48:30'),
       (27, 34, '09', 48, '[
         {
           "id": "ID141",
           "name": "Houston Chaffin",
           "gender": "Male",
           "language": "Spanish",
           "company": "East 2G Wireless Inc.",
           "phone": "+49 7160 620632",
           "email": "Darren_Julian@example.com",
           "photo": "placehold.it/350x150",
           "isemployed": 0,
           "mstatus": "Single",
           "dob": "07/10/1994",
           "address": "2900 Red Sharp Hill Parkway, Montgomery, Alabama, 99151",
           "latitude": -62,
           "longitude": -2.0,
           "children": [
             {
               "name": "Noe Blanchard",
               "gender": "Female"
             },
             {
               "name": "Terrell Durr",
               "gender": "Male"
             }
           ]
         },
         {
           "id": "ID142",
           "name": "Michal Edmond",
           "gender": "Female",
           "language": "Kuanyama",
           "company": "WorldWide Electricity Inc.",
           "phone": "+32 2 532 66 63",
           "email": "Stein@example.com",
           "photo": "placehold.it/350x150",
           "isemployed": 1,
           "mstatus": "Divorced",
           "dob": "10/03/2003",
           "address": "52 Highland St, Penobscot Building, Pierre, SD, 95537",
           "latitude": 58,
           "longitude": -146.0,
           "children": [
             {
               "name": "Kurtis Halsey",
               "gender": "Male"
             },
             {
               "name": "Shakita Pimentel",
               "gender": "Female"
             }
           ]
         },
         {
           "id": "ID143",
           "name": "Sixta Balderas",
           "gender": "Male",
           "language": "Afar",
           "company": "Canadian Laboratories Inc.",
           "phone": "+380 16 800-565-7",
           "email": "Brendon_Clement15@example.com",
           "photo": "placehold.it/350x150",
           "isemployed": 0,
           "mstatus": "Single",
           "dob": "09/01/1993",
           "address": "175 New Ashwood Avenue, Suite 1183, Frankfort, Kentucky, 53585",
           "latitude": 45,
           "longitude": 64.0,
           "children": [
             {
               "name": "Beth Bass",
               "gender": "Female"
             },
             {
               "name": "Leonora Mayo",
               "gender": "Male"
             }
           ]
         },
         {
           "id": "ID144",
           "name": "Bernarda Partridge",
           "gender": "Male",
           "language": "Armenian",
           "company": "Beyond W-Mobile Co.",
           "phone": "+32 0 449 06 09",
           "email": "Abel@example.com",
           "photo": "placehold.it/350x150",
           "isemployed": 1,
           "mstatus": "Single",
           "dob": "01/11/2000",
           "address": "1998 Red Farmview Rd, Topeka, KS, 89657",
           "latitude": 12,
           "longitude": -18.0,
           "children": [
             {
               "name": "Isela Abernathy",
               "gender": "Male"
             }
           ]
         }
       ]', 49, 'C7R1O5Z3258T73994W1OW0S6CR7', '1970-09-28 22:09:55', '1970-01-01 00:10:47'),
       (28, 15, '3H71227', 44, '[
         {
           "id": "ID145",
           "name": "Cara Foreman",
           "gender": "Female",
           "language": "Assamese",
           "company": "National Space Research Inc.",
           "phone": "+44 2771 346723",
           "email": "AndreasCOliveira@example.com",
           "photo": "placehold.it/350x150",
           "isemployed": 0,
           "mstatus": "Single",
           "dob": "15/02/1991",
           "address": "542 4th Parkway, Boston, MA, 22876",
           "latitude": 78,
           "longitude": -142.0,
           "children": [
             {
               "name": "Heriberto Banks",
               "gender": "Female"
             },
             {
               "name": "Jarrett Acevedo",
               "gender": "Female"
             }
           ]
         },
         {
           "id": "ID146",
           "name": "Raymon Patino",
           "gender": "Male",
           "language": "Marathi",
           "company": "Western Mobile Inc.",
           "phone": "+971 6 255 4415",
           "email": "tpqajdwk6350@example.com",
           "photo": "placehold.it/350x150",
           "isemployed": 1,
           "mstatus": "Married",
           "dob": "03/09/1998",
           "address": "87 Red Hunting Hill Blvd, First Security Building, Helena, Montana, 53211",
           "latitude": -10,
           "longitude": 147.0,
           "children": [
             {
               "name": "Carylon Jacobs",
               "gender": "Male"
             }
           ]
         }
       ]', 6, 'F9K95E51K890H5', '1999-07-16 01:13:42', '1977-06-19 11:42:08'),
       (29, 12, '7', 52, '[
         {
           "id": "ID147",
           "name": "Marlene Purcell",
           "gender": "Female",
           "language": "Walloon",
           "company": "Professional N-Mobile Inc.",
           "phone": "+55 64 7953-6651",
           "email": "Laughlin@example.com",
           "photo": "placehold.it/350x150",
           "isemployed": 0,
           "mstatus": "Single",
           "dob": "29/08/1998",
           "address": "277 Lake Lane, Buhl Building, Topeka, Kansas, 88095",
           "latitude": -9,
           "longitude": 48.0,
           "children": [
             {
               "name": "Ellyn Lyons",
               "gender": "Male"
             },
             {
               "name": "Julieann Ruth",
               "gender": "Female"
             }
           ]
         },
         {
           "id": "ID148",
           "name": "Page Strand",
           "gender": "Male",
           "language": "Ukrainian",
           "company": "Home Management Corporation",
           "phone": "+49 1464 801558",
           "email": "CedricZAbbott23@example.com",
           "photo": "placehold.it/350x150",
           "isemployed": 1,
           "mstatus": "Married",
           "dob": "22/01/1997",
           "address": "17 NE Pine Tree Street, 5th FL, Richmond, Virginia, 09442",
           "latitude": -87,
           "longitude": -177.0,
           "children": [
             {
               "name": "Archie Chisholm",
               "gender": "Female"
             }
           ]
         },
         {
           "id": "ID149",
           "name": "Donetta Silvers",
           "gender": "Male",
           "language": "Guarani",
           "company": "Home Space Research Inc.",
           "phone": "+44 2235 324076",
           "email": "Almanza677@example.com",
           "photo": "placehold.it/350x150",
           "isemployed": 1,
           "mstatus": "Single",
           "dob": "20/04/2001",
           "address": "1392 Beachwood Ln, Richmond, VA, 45426",
           "latitude": -4,
           "longitude": -38.0,
           "children": [
             {
               "name": "Annelle Mcneely",
               "gender": "Female"
             }
           ]
         },
         {
           "id": "ID150",
           "name": "Shameka Silvia",
           "gender": "Female",
           "language": "Croatian",
           "company": "Federal Space Research Corporation",
           "phone": "+44 0383 854852",
           "email": "CarrollO499@nowhere.com",
           "photo": "placehold.it/350x150",
           "isemployed": 1,
           "mstatus": "Single",
           "dob": "21/05/1996",
           "address": "704 Front Road, Guardian Building, Annapolis, MD, 36109",
           "latitude": 2,
           "longitude": 161.0,
           "children": [
             {
               "name": "Fred Tobin",
               "gender": "Male"
             }
           ]
         }
       ]', 4, 'VZYK7HSME8OI7362C02BGXF5W092', '1970-09-15 20:43:44', '2020-08-26 06:17:29'),
       (30, 21, 'SO5', 38, '[
         {
           "id": "ID151",
           "name": "Claude Whitt",
           "gender": "Male",
           "language": "Afar",
           "company": "WorldWide Wind Resources Group",
           "phone": "+49-5245-720165",
           "email": "Lipscomb@nowhere.com",
           "photo": "placehold.it/350x150",
           "isemployed": 0,
           "mstatus": "Married",
           "dob": "30/04/1994",
           "address": "1549 SE Mountain Ct, First Security Bldg, Santa Fe, New Mexico, 07265",
           "latitude": -16,
           "longitude": -131.0,
           "children": [
             {
               "name": "Claud Battaglia",
               "gender": "Female"
             }
           ]
         },
         {
           "id": "ID152",
           "name": "Polly Jorgensen",
           "gender": "Female",
           "language": "Ganda",
           "company": "Beyond O-Mobile Corporation",
           "phone": "+52 27 1429 0126",
           "email": "Banks@example.com",
           "photo": "placehold.it/350x150",
           "isemployed": 1,
           "mstatus": "Married",
           "dob": "28/05/1995",
           "address": "61 North Market Court, First Security Building, Salt Lake City, Utah, 55507",
           "latitude": -1,
           "longitude": -165.0,
           "children": [
             {
               "name": "Alba Eagle",
               "gender": "Male"
             },
             {
               "name": "Avril Leone",
               "gender": "Female"
             }
           ]
         },
         {
           "id": "ID153",
           "name": "Josiah Hillman",
           "gender": "Female",
           "language": "Hiri Motu",
           "company": "Western High-Technologies Corporation",
           "phone": "+44 904 941 7602",
           "email": "Garvey@example.com",
           "photo": "placehold.it/350x150",
           "isemployed": 1,
           "mstatus": "Married",
           "dob": "09/01/1991",
           "address": "26 1st Highway, Keith Bldg, Saint Paul, Minnesota, 26678",
           "latitude": -5,
           "longitude": 69.0,
           "children": [
             {
               "name": "Junior Cotter",
               "gender": "Male"
             },
             {
               "name": "Samatha Russell",
               "gender": "Male"
             }
           ]
         }
       ]', 6, 'N75X2EG4', '2004-08-09 01:31:48', '1984-01-11 16:59:36'),
       (31, 2, 'H7U1N2C', 32, '[
         {
           "id": "ID154",
           "name": "Adelle Cornelius",
           "gender": "Male",
           "language": "Albanian",
           "company": "North 5G Wireless Co.",
           "phone": "+32 0 400 37 58",
           "email": "Houston.Patrick44@example.com",
           "photo": "placehold.it/350x150",
           "isemployed": 1,
           "mstatus": "Married",
           "dob": "10/01/1991",
           "address": "1992 Hidden Ironwood Pkwy, Equitable Bldg, Oklahoma City, OK, 50371",
           "latitude": -58,
           "longitude": -54.0,
           "children": [
             {
               "name": "Annamae Jordan",
               "gender": "Female"
             },
             {
               "name": "Elvie Lavender",
               "gender": "Female"
             }
           ]
         },
         {
           "id": "ID155",
           "name": "Nam Adkins",
           "gender": "Female",
           "language": "Hebrew",
           "company": "Beyond Health Care Corporation",
           "phone": "+380 80 613-826-2",
           "email": "rvtvh2364@nowhere.com",
           "photo": "placehold.it/350x150",
           "isemployed": 0,
           "mstatus": "Married",
           "dob": "10/01/1996",
           "address": "2692 South Edgewood Lane, Sacramento, California, 70998",
           "latitude": 67,
           "longitude": 90.0,
           "children": [
             {
               "name": "Donnell Ferrara",
               "gender": "Female"
             }
           ]
         },
         {
           "id": "ID156",
           "name": "Ada Ambrose",
           "gender": "Male",
           "language": "Ukrainian",
           "company": "Future Insurance Corporation",
           "phone": "+420 804 095 311",
           "email": "DeliaGroce8@example.com",
           "photo": "placehold.it/350x150",
           "isemployed": 1,
           "mstatus": "Married",
           "dob": "25/10/1998",
           "address": "1230 Ashwood Loop, Judge Bldg, Jefferson City, Missouri, 14873",
           "latitude": -79,
           "longitude": 48.0,
           "children": [
             {
               "name": "Jerri Coon",
               "gender": "Male"
             },
             {
               "name": "Megan Meredith",
               "gender": "Male"
             }
           ]
         },
         {
           "id": "ID157",
           "name": "Cris Billingsley",
           "gender": "Male",
           "language": "Quechua",
           "company": "North C-Mobile Group",
           "phone": "+44 9372 585093",
           "email": "Barron@nowhere.com",
           "photo": "placehold.it/350x150",
           "isemployed": 0,
           "mstatus": "Single",
           "dob": "01/11/1999",
           "address": "67 North Meadowview Lane, Tallahassee, Florida, 93642",
           "latitude": 10,
           "longitude": 161.0,
           "children": [
             {
               "name": "Andreas Chacon",
               "gender": "Male"
             }
           ]
         },
         {
           "id": "ID158",
           "name": "Lashaunda Abbott",
           "gender": "Female",
           "language": "Tajik",
           "company": "Creative Telemetrics Co.",
           "phone": "+44 0923 340546",
           "email": "OlenGrubbs@example.com",
           "photo": "placehold.it/350x150",
           "isemployed": 1,
           "mstatus": "Widow",
           "dob": "17/08/1997",
           "address": "186 Ashwood Circle, 257 Towers Building, Columbia, SC, 12389",
           "latitude": 81,
           "longitude": -111.0,
           "children": [
             {
               "name": "Adaline Close",
               "gender": "Male"
             },
             {
               "name": "Alexis Ault",
               "gender": "Female"
             }
           ]
         },
         {
           "id": "ID159",
           "name": "Alva Adame",
           "gender": "Female",
           "language": "Rundi",
           "company": "First Semiconductor Group",
           "phone": "+33 6 50 36 96 55",
           "email": "rwlqaer8178@example.com",
           "photo": "placehold.it/350x150",
           "isemployed": 0,
           "mstatus": "Single",
           "dob": "26/05/1994",
           "address": "67 Beachwood Blvd, Plaza Bldg, Oklahoma City, Oklahoma, 72447",
           "latitude": 25,
           "longitude": 179.0,
           "children": [
             {
               "name": "Mac Mueller",
               "gender": "Male"
             },
             {
               "name": "Ruben Arroyo",
               "gender": "Female"
             }
           ]
         },
         {
           "id": "ID160",
           "name": "Adah Garza",
           "gender": "Male",
           "language": "Kongo",
           "company": "North Space Explore Corporation",
           "phone": "+32 6 881 87 76",
           "email": "Higdon46@nowhere.com",
           "photo": "placehold.it/350x150",
           "isemployed": 1,
           "mstatus": "Divorced",
           "dob": "15/03/1995",
           "address": "1599 N Fox Hill Dr, Buhl Bldg, Sacramento, CA, 75258",
           "latitude": 75,
           "longitude": 10.0,
           "children": [
             {
               "name": "Abigail Sanderson",
               "gender": "Male"
             }
           ]
         },
         {
           "id": "ID161",
           "name": "Emerson Hawes",
           "gender": "Female",
           "language": "Malay",
           "company": "Creative Technologies Inc.",
           "phone": "+49 2519 744054",
           "email": "Conrad.N.Reddick@example.com",
           "photo": "placehold.it/350x150",
           "isemployed": 1,
           "mstatus": "Single",
           "dob": "17/09/2001",
           "address": "3450 E Hunting Hill Ct, Buhl Bldg, Hartford, CT, 18747",
           "latitude": -20,
           "longitude": 81.0,
           "children": [
             {
               "name": "Alexander Burkhart",
               "gender": "Female"
             },
             {
               "name": "Duncan Gaither",
               "gender": "Male"
             }
           ]
         }
       ]', 20, 'WB55S357Z3YCD4VB1H65C', '1988-02-18 13:07:06', '1990-06-11 19:45:38'),
       (32, 44, '3DQ41Y2', 48, '[
         {
           "id": "ID162",
           "name": "Adolph Hernandez",
           "gender": "Male",
           "language": "Lao",
           "company": "Beyond Space Research Corporation",
           "phone": "+49 (4962) 454263",
           "email": "DominickHawkins17@example.com",
           "photo": "placehold.it/350x150",
           "isemployed": 1,
           "mstatus": "Married",
           "dob": "18/04/1996",
           "address": "380 N Beachwood Rd, Montgomery, Alabama, 23081",
           "latitude": 1,
           "longitude": 6.0,
           "children": [
             {
               "name": "Alden Austin",
               "gender": "Female"
             },
             {
               "name": "Emmitt Tenney",
               "gender": "Male"
             }
           ]
         },
         {
           "id": "ID163",
           "name": "Adam Tillman",
           "gender": "Female",
           "language": "Ganda",
           "company": "Union Fossil Fuel Energy Corporation",
           "phone": "+44 0983 503385",
           "email": "Mel_Berlin@example.com",
           "photo": "placehold.it/350x150",
           "isemployed": 0,
           "mstatus": "Married",
           "dob": "05/01/1991",
           "address": "343 South Market Blvd, Albany, NY, 12049",
           "latitude": -66,
           "longitude": 53.0,
           "children": [
             {
               "name": "Alayna Acker",
               "gender": "Male"
             },
             {
               "name": "Elisa Davila",
               "gender": "Female"
             }
           ]
         },
         {
           "id": "ID164",
           "name": "Sterling Jude",
           "gender": "Male",
           "language": "Romansh",
           "company": "Future 2G Wireless Co.",
           "phone": "+49 (7034) 505963",
           "email": "Emilio.Nadeau7@nowhere.com",
           "photo": "placehold.it/350x150",
           "isemployed": 1,
           "mstatus": "Single",
           "dob": "05/04/1993",
           "address": "11 S Prospect Hill Circle, Duke Energy Building, Dover, DE, 98244",
           "latitude": -63,
           "longitude": -144.0,
           "children": [
             {
               "name": "Adalberto Abraham",
               "gender": "Female"
             }
           ]
         },
         {
           "id": "ID165",
           "name": "Lillie Elmore",
           "gender": "Female",
           "language": "Nauru",
           "company": "Domestic O-Mobile Corporation",
           "phone": "+420 508 318 635",
           "email": "Mcghee@example.com",
           "photo": "placehold.it/350x150",
           "isemployed": 0,
           "mstatus": "Single",
           "dob": "20/08/1995",
           "address": "456 Brentwood Lane, Des Moines, Iowa, 12269",
           "latitude": -54,
           "longitude": 2.0,
           "children": [
             {
               "name": "Brittni Lilly",
               "gender": "Male"
             },
             {
               "name": "Tennie Covington",
               "gender": "Female"
             }
           ]
         }
       ]', 1, 'G', '1999-04-17 13:04:28', '2010-05-01 08:34:53'),
       (33, 17, 'PCV6', 34, '[
         {
           "id": "ID166",
           "name": "August Bernal",
           "gender": "Male",
           "language": "Ndonga",
           "company": "Home Data Group",
           "phone": "+32 6 296 13 04",
           "email": "woxntcdg_npxvrt@nowhere.com",
           "photo": "placehold.it/350x150",
           "isemployed": 1,
           "mstatus": "Single",
           "dob": "17/07/1993",
           "address": "47 Rushwood Road, Concord, NH, 92274",
           "latitude": -78,
           "longitude": 34.0,
           "children": [
             {
               "name": "Norris Stover",
               "gender": "Male"
             }
           ]
         },
         {
           "id": "ID167",
           "name": "Raymond Gainey",
           "gender": "Male",
           "language": "Basque",
           "company": "Union Mobile Group",
           "phone": "+44 220 350 4613",
           "email": "Stuckey@example.com",
           "photo": "placehold.it/350x150",
           "isemployed": 0,
           "mstatus": "Married",
           "dob": "02/12/1998",
           "address": "1477 Town Loop, Fisher Bldg, Lincoln, Nebraska, 94981",
           "latitude": -71,
           "longitude": -56.0,
           "children": [
             {
               "name": "Karon Goldstein",
               "gender": "Female"
             }
           ]
         }
       ]', 44, 'ZJF4E8SN', '2017-05-16 12:57:30', '1982-09-07 17:37:05'),
       (34, 9, '8GT52N9', 52, '[
         {
           "id": "ID168",
           "name": "Nicholas Abrams",
           "gender": "Male",
           "language": "Norwegian",
           "company": "Canadian Space Research Co.",
           "phone": "+44 8271 60 7468",
           "email": "RickyHarlan@example.com",
           "photo": "placehold.it/350x150",
           "isemployed": 1,
           "mstatus": "Married",
           "dob": "31/10/2000",
           "address": "1462 East Burwood Pkwy, Kearns Bldg, Topeka, KS, 91957",
           "latitude": -2,
           "longitude": 46.0,
           "children": [
             {
               "name": "Dwain Cockrell",
               "gender": "Female"
             },
             {
               "name": "Synthia Rayford",
               "gender": "Male"
             }
           ]
         },
         {
           "id": "ID169",
           "name": "Gene Embry",
           "gender": "Female",
           "language": "Twi",
           "company": "Australian Trust Group",
           "phone": "+44 2383 07 7273",
           "email": "NilaHarris@nowhere.com",
           "photo": "placehold.it/350x150",
           "isemployed": 0,
           "mstatus": "Divorced",
           "dob": "26/04/2000",
           "address": "1074 Rose Hill Ct, Raleigh, NC, 03858",
           "latitude": -38,
           "longitude": -164.0,
           "children": [
             {
               "name": "Jani Trimble",
               "gender": "Female"
             }
           ]
         },
         {
           "id": "ID170",
           "name": "Adam Reich",
           "gender": "Male",
           "language": "Turkish",
           "company": "Western Explore Corporation",
           "phone": "+44 8384 014575",
           "email": "Clements@example.com",
           "photo": "placehold.it/350x150",
           "isemployed": 0,
           "mstatus": "Married",
           "dob": "14/01/1993",
           "address": "1710 New Social Lane, Buhl Building, Frankfort, KY, 08547",
           "latitude": 49,
           "longitude": 98.0,
           "children": [
             {
               "name": "Adam Cowan",
               "gender": "Male"
             }
           ]
         },
         {
           "id": "ID171",
           "name": "Giuseppe Musser",
           "gender": "Male",
           "language": "Belarusian",
           "company": "Smart Services Corporation",
           "phone": "+971 2 040 3610",
           "email": "Tong778@example.com",
           "photo": "placehold.it/350x150",
           "isemployed": 0,
           "mstatus": "Single",
           "dob": "11/08/1995",
           "address": "48 New Rockwood Highway, Dover, Delaware, 64517",
           "latitude": -29,
           "longitude": 6.0,
           "children": [
             {
               "name": "Preston Hanson",
               "gender": "Female"
             }
           ]
         },
         {
           "id": "ID172",
           "name": "Monica Kirkland",
           "gender": "Female",
           "language": "Marshallese",
           "company": "Advanced Financial Corporation",
           "phone": "+420 578 059 663",
           "email": "Gilberte.Cowart@nowhere.com",
           "photo": "placehold.it/350x150",
           "isemployed": 0,
           "mstatus": "Married",
           "dob": "25/03/1991",
           "address": "1121 Beachwood Lane, Keith Building, Salt Lake City, UT, 48802",
           "latitude": -10,
           "longitude": 90.0,
           "children": [
             {
               "name": "Hee Tubbs",
               "gender": "Female"
             }
           ]
         },
         {
           "id": "ID173",
           "name": "Minh Gallegos",
           "gender": "Male",
           "language": "Fijian",
           "company": "American Financial Experts Inc.",
           "phone": "+52 57 7611 3299",
           "email": "gyayxyz9@nowhere.com",
           "photo": "placehold.it/350x150",
           "isemployed": 0,
           "mstatus": "Married",
           "dob": "23/01/2000",
           "address": "888 North Cedar Tree Highway, Nipper Bldg, Little Rock, Arkansas, 58556",
           "latitude": 41,
           "longitude": -62.0,
           "children": [
             {
               "name": "Xuan Baugh",
               "gender": "Female"
             }
           ]
         }
       ]', 12, '669FI8Y4L5J395J1Z922EQ', '1983-03-11 13:16:16', '2002-08-01 16:06:12'),
       (35, 7, 'X', 36, '[
         {
           "id": "ID174",
           "name": "Ricki Turnbull",
           "gender": "Female",
           "language": "Assamese",
           "company": "Flexible Wind Resources Corporation",
           "phone": "+55 66 1151-1683",
           "email": "Cowart@nowhere.com",
           "photo": "placehold.it/350x150",
           "isemployed": 0,
           "mstatus": "Married",
           "dob": "09/06/1998",
           "address": "2276 Mountain St, Salem, OR, 00422",
           "latitude": 76,
           "longitude": 160.0,
           "children": [
             {
               "name": "Sybil Light",
               "gender": "Male"
             }
           ]
         },
         {
           "id": "ID175",
           "name": "Chanel Okeefe",
           "gender": "Female",
           "language": "Georgian",
           "company": "Professional High-Technologies Inc.",
           "phone": "+420 429 847 733",
           "email": "Adair759@nowhere.com",
           "photo": "placehold.it/350x150",
           "isemployed": 0,
           "mstatus": "Single",
           "dob": "06/07/1992",
           "address": "143 Social Loop, 69th FL, Boston, Massachusetts, 57496",
           "latitude": -88,
           "longitude": 130.0,
           "children": [
             {
               "name": "Nestor Holden",
               "gender": "Female"
             }
           ]
         }
       ]', 4, '8', '1970-01-01 00:02:56', '1970-01-01 00:10:23'),
       (36, 34, 'BY9M', 36, '[
         {
           "id": "ID176",
           "name": "Francine Tomlinson",
           "gender": "Male",
           "language": "Latin",
           "company": "American High-Technologies Group",
           "phone": "+420 235 809 455",
           "email": "Leclair@example.com",
           "photo": "placehold.it/350x150",
           "isemployed": 0,
           "mstatus": "Married",
           "dob": "12/02/1991",
           "address": "350 White Edgewood Drive, Appartment 3, Annapolis, Maryland, 91514",
           "latitude": -13,
           "longitude": 91.0,
           "children": [
             {
               "name": "Carolin Dunham",
               "gender": "Female"
             },
             {
               "name": "Dallas Butcher",
               "gender": "Male"
             }
           ]
         },
         {
           "id": "ID177",
           "name": "Ernest Edgar",
           "gender": "Male",
           "language": "Aragonese",
           "company": "Future High-Technologies Inc.",
           "phone": "+44 413 643 2582",
           "email": "LonnyAndre88@example.com",
           "photo": "placehold.it/350x150",
           "isemployed": 0,
           "mstatus": "Single",
           "dob": "28/02/1994",
           "address": "3170 Ashwood St, Standard Building, Nashville, Tennessee, 32289",
           "latitude": 9,
           "longitude": 47.0,
           "children": [
             {
               "name": "Adrian Strange",
               "gender": "Female"
             }
           ]
         },
         {
           "id": "ID178",
           "name": "Freddie Langston",
           "gender": "Male",
           "language": "Cornish",
           "company": "First H-Mobile Corporation",
           "phone": "+52 40 2815 0581",
           "email": "Hyde6@example.com",
           "photo": "placehold.it/350x150",
           "isemployed": 0,
           "mstatus": "Single",
           "dob": "15/07/1999",
           "address": "98 Red Flintwood Loop, Des Moines, IA, 08913",
           "latitude": -58,
           "longitude": -58.0,
           "children": [
             {
               "name": "Abby Henry",
               "gender": "Female"
             }
           ]
         },
         {
           "id": "ID179",
           "name": "Francisco Abreu",
           "gender": "Female",
           "language": "Avestan",
           "company": "General Semiconductor Corporation",
           "phone": "+971 5 353 9344",
           "email": "Lister@nowhere.com",
           "photo": "placehold.it/350x150",
           "isemployed": 0,
           "mstatus": "Married",
           "dob": "12/09/1996",
           "address": "219 54th Parkway, Concord, NH, 34717",
           "latitude": 32,
           "longitude": -13.0,
           "children": [
             {
               "name": "Dewey Small",
               "gender": "Male"
             },
             {
               "name": "Julian Gilbert",
               "gender": "Female"
             }
           ]
         },
         {
           "id": "ID180",
           "name": "Thomas Acevedo",
           "gender": "Male",
           "language": "Herero",
           "company": "Union High-Technologies Inc.",
           "phone": "+44 5260 381669",
           "email": "Marlin_Amador539@example.com",
           "photo": "placehold.it/350x150",
           "isemployed": 0,
           "mstatus": "Single",
           "dob": "15/11/1992",
           "address": "626 South Rose Hill Ct, Tallahassee, FL, 83285",
           "latitude": -45,
           "longitude": 116.0,
           "children": [
             {
               "name": "Georgia Caldwell",
               "gender": "Male"
             }
           ]
         },
         {
           "id": "ID181",
           "name": "Dana Merriman",
           "gender": "Male",
           "language": "Turkmen",
           "company": "Domestic Delivery Inc.",
           "phone": "+380 11 014-278-7",
           "email": "ElmerQPettis@example.com",
           "photo": "placehold.it/350x150",
           "isemployed": 0,
           "mstatus": "Married",
           "dob": "03/10/1999",
           "address": "737 Monument Way, Standard Bldg, Columbia, South Carolina, 24526",
           "latitude": 25,
           "longitude": -15.0,
           "children": [
             {
               "name": "Terrence Stackhouse",
               "gender": "Female"
             }
           ]
         },
         {
           "id": "ID182",
           "name": "Zulma Huey",
           "gender": "Male",
           "language": "Portuguese",
           "company": "General High-Technologies Group",
           "phone": "+44 990 531 8973",
           "email": "Karl_YBurger232@example.com",
           "photo": "placehold.it/350x150",
           "isemployed": 0,
           "mstatus": "Divorced",
           "dob": "09/07/1991",
           "address": "13 Front Ln, Augusta, Maine, 03790",
           "latitude": 89,
           "longitude": 72.0,
           "children": [
             {
               "name": "Dorthey Acevedo",
               "gender": "Male"
             }
           ]
         }
       ]', 37, '3WFYMJ885LD40U5WGGATH0E4Q82EA06Q82600546K00J7X', '2003-08-07 10:05:32', '1973-05-19 19:10:39'),
       (37, 44, 'LQ6AEL1J', 54, '[
         {
           "id": "ID183",
           "name": "Brent Alger",
           "gender": "Male",
           "language": "Finnish",
           "company": "General O-Mobile Inc.",
           "phone": "+44 197 304 1345",
           "email": "Waylon.Goodson818@nowhere.com",
           "photo": "placehold.it/350x150",
           "isemployed": 1,
           "mstatus": "Single",
           "dob": "10/01/1993",
           "address": "1701 3rd Lane, Indianapolis, IN, 97443",
           "latitude": 75,
           "longitude": 84.0,
           "children": [
             {
               "name": "Marquis Aguirre",
               "gender": "Male"
             }
           ]
         },
         {
           "id": "ID184",
           "name": "Alfred Abraham",
           "gender": "Female",
           "language": "Afar",
           "company": "Global T-Mobile Corporation",
           "phone": "+420 573 268 137",
           "email": "Bagley@example.com",
           "photo": "placehold.it/350x150",
           "isemployed": 1,
           "mstatus": "Married",
           "dob": "30/03/1991",
           "address": "2621 W Rose Hill Ct, STE 8995, Saint Paul, MN, 34930",
           "latitude": -8,
           "longitude": -27.0,
           "children": [
             {
               "name": "Allan Garrison",
               "gender": "Male"
             }
           ]
         }
       ]', 45, '9N043KH6V106U39JL6N0', '1970-01-01 00:23:34', '1980-04-27 21:42:37'),
       (38, 40, '81', 48, '[
         {
           "id": "ID185",
           "name": "Jorge Goforth",
           "gender": "Male",
           "language": "Komi",
           "company": "First Research Inc.",
           "phone": "+971 3 444 5381",
           "email": "AkilahRazo@example.com",
           "photo": "placehold.it/350x150",
           "isemployed": 1,
           "mstatus": "Divorced",
           "dob": "24/06/1996",
           "address": "2508 East Meadowview Parkway, STE 6030, Honolulu, HI, 26982",
           "latitude": 16,
           "longitude": 165.0,
           "children": [
             {
               "name": "Pedro Gillen",
               "gender": "Male"
             }
           ]
         },
         {
           "id": "ID186",
           "name": "Derick Jacks",
           "gender": "Male",
           "language": "Avaric",
           "company": "Federal Space Explore Group",
           "phone": "+49-8525-419960",
           "email": "Baumann554@nowhere.com",
           "photo": "placehold.it/350x150",
           "isemployed": 1,
           "mstatus": "Married",
           "dob": "05/10/2000",
           "address": "3441 Waterview Blvd, Standard Bldg, Richmond, Virginia, 86651",
           "latitude": 51,
           "longitude": 120.0,
           "children": [
             {
               "name": "Orville Black",
               "gender": "Female"
             }
           ]
         }
       ]', 4, 'F6K3D68QZETO0E640I5RWK5715MS744EP', '2009-01-08 17:11:26', '1987-09-15 02:36:40'),
       (39, 6, '6R2O', 54, '[
         {
           "id": "ID187",
           "name": "Willis Marvin",
           "gender": "Male",
           "language": "Albanian",
           "company": "North Space Explore Group",
           "phone": "+49-5272-479817",
           "email": "Noah_Abney545@nowhere.com",
           "photo": "placehold.it/350x150",
           "isemployed": 0,
           "mstatus": "Married",
           "dob": "08/06/2000",
           "address": "3358 E Riverview Blvd, Nipper Bldg, Oklahoma City, Oklahoma, 77344",
           "latitude": -47,
           "longitude": 74.0,
           "children": [
             {
               "name": "Genaro Jameson",
               "gender": "Female"
             }
           ]
         },
         {
           "id": "ID188",
           "name": "Ardell Still",
           "gender": "Female",
           "language": "Guarani",
           "company": "West Coast Security Group",
           "phone": "+971 0 086 3519",
           "email": "Hook@example.com",
           "photo": "placehold.it/350x150",
           "isemployed": 1,
           "mstatus": "Married",
           "dob": "16/07/2002",
           "address": "11 Pine Tree Lane, Springfield, IL, 87363",
           "latitude": 81,
           "longitude": -75.0,
           "children": [
             {
               "name": "Darryl Abbott",
               "gender": "Female"
             },
             {
               "name": "Manuel Mcmaster",
               "gender": "Female"
             }
           ]
         },
         {
           "id": "ID189",
           "name": "Raul Bowie",
           "gender": "Male",
           "language": "Samoan",
           "company": "National High-Technologies Corporation",
           "phone": "+44 8594 807810",
           "email": "Yoder@example.com",
           "photo": "placehold.it/350x150",
           "isemployed": 1,
           "mstatus": "Single",
           "dob": "17/11/1991",
           "address": "436 East Oak Highway, Guardian Bldg, Boise, ID, 32914",
           "latitude": 58,
           "longitude": 17.0,
           "children": [
             {
               "name": "Arlen Keefer",
               "gender": "Male"
             }
           ]
         },
         {
           "id": "ID190",
           "name": "Cayla Elrod",
           "gender": "Male",
           "language": "Malagasy",
           "company": "Australian High-Technologies Group",
           "phone": "+32 7 771 74 14",
           "email": "BeatricePalacios381@example.com",
           "photo": "placehold.it/350x150",
           "isemployed": 0,
           "mstatus": "Single",
           "dob": "05/01/1994",
           "address": "3945 West Farmview Circle, Annapolis, MD, 98876",
           "latitude": 79,
           "longitude": 136.0,
           "children": [
             {
               "name": "Alvaro Wesley",
               "gender": "Male"
             }
           ]
         },
         {
           "id": "ID191",
           "name": "Arturo Fusco",
           "gender": "Male",
           "language": "Hungarian",
           "company": "Domestic Thermal Power Group",
           "phone": "+33 4 99 56 39 88",
           "email": "aqgq4871@example.com",
           "photo": "placehold.it/350x150",
           "isemployed": 1,
           "mstatus": "Married",
           "dob": "03/07/1995",
           "address": "80 Hidden Rock Hill Pkwy, Superior Bldg, Phoenix, AZ, 06724",
           "latitude": -18,
           "longitude": -44.0,
           "children": [
             {
               "name": "Jonna Kopp",
               "gender": "Male"
             },
             {
               "name": "Lawerence Gillette",
               "gender": "Female"
             }
           ]
         }
       ]', 31, '7U2S2J6930', '2005-06-04 01:16:06', '1970-01-01 00:00:05'),
       (40, 34, 'S', 48, '[
         {
           "id": "ID192",
           "name": "Tamisha Alcala",
           "gender": "Male",
           "language": "Norwegian",
           "company": "United High-Technologies Corp.",
           "phone": "+971 5 825 8797",
           "email": "ibijqlgp.imtdv@example.com",
           "photo": "placehold.it/350x150",
           "isemployed": 0,
           "mstatus": "Married",
           "dob": "12/12/1997",
           "address": "1742 Hidden Quailwood Street, Buhl Building, Oklahoma City, OK, 31340",
           "latitude": 42,
           "longitude": -114.0,
           "children": [
             {
               "name": "Zita Ivory",
               "gender": "Female"
             }
           ]
         },
         {
           "id": "ID193",
           "name": "Kristian Mattingly",
           "gender": "Female",
           "language": "Uzbek",
           "company": "Domestic Electricity Corporation",
           "phone": "+49-9860-251207",
           "email": "zunu3732@nowhere.com",
           "photo": "placehold.it/350x150",
           "isemployed": 1,
           "mstatus": "Married",
           "dob": "02/01/1991",
           "address": "52 Old Riddle Hill Loop, Saint Paul, Minnesota, 15324",
           "latitude": 68,
           "longitude": -100.0,
           "children": [
             {
               "name": "Cristy Villanueva",
               "gender": "Male"
             }
           ]
         },
         {
           "id": "ID194",
           "name": "Roberta Acevedo",
           "gender": "Female",
           "language": "Sanskrit",
           "company": "Beyond 3G Wireless Group",
           "phone": "+1 567-143-0967",
           "email": "Sutton@example.com",
           "photo": "placehold.it/350x150",
           "isemployed": 0,
           "mstatus": "Married",
           "dob": "11/04/1991",
           "address": "3791 White Cedar Tree Ave, Guardian Building, Springfield, Illinois, 90092",
           "latitude": 26,
           "longitude": 168.0,
           "children": [
             {
               "name": "Abdul Vanmeter",
               "gender": "Male"
             }
           ]
         },
         {
           "id": "ID195",
           "name": "Stephenie Aranda",
           "gender": "Female",
           "language": "Ukrainian",
           "company": "South Space Explore Corporation",
           "phone": "+49 (3044) 024538",
           "email": "Izetta_Adams917@example.com",
           "photo": "placehold.it/350x150",
           "isemployed": 1,
           "mstatus": "Married",
           "dob": "28/09/1992",
           "address": "815 New Church Court, Hartford, CT, 89188",
           "latitude": 16,
           "longitude": -48.0,
           "children": [
             {
               "name": "Angela Kohn",
               "gender": "Female"
             }
           ]
         }
       ]', 20, '82T', '2015-03-25 06:47:54', '2015-09-10 00:41:29'),
       (41, 25, '09X1', 32, '[
         {
           "id": "ID196",
           "name": "Addie Lacy",
           "gender": "Male",
           "language": "Assamese",
           "company": "Home Security Inc.",
           "phone": "+420 304 145 059",
           "email": "AdanHahn@example.com",
           "photo": "placehold.it/350x150",
           "isemployed": 0,
           "mstatus": "Single",
           "dob": "01/03/1992",
           "address": "3089 White Mountain Blvd, Saint Paul, Minnesota, 17591",
           "latitude": 4,
           "longitude": 79.0,
           "children": [
             {
               "name": "Amy Wiley",
               "gender": "Female"
             },
             {
               "name": "Darius Blaine",
               "gender": "Male"
             }
           ]
         },
         {
           "id": "ID197",
           "name": "Tanisha Boynton",
           "gender": "Female",
           "language": "Azerbaijani",
           "company": "Canadian Space Explore Corporation",
           "phone": "+32 0 633 00 21",
           "email": "Alexia_Oliveira@nowhere.com",
           "photo": "placehold.it/350x150",
           "isemployed": 0,
           "mstatus": "Divorced",
           "dob": "11/11/2000",
           "address": "27 Fox Hill Ln, Standard Building, Springfield, Illinois, 83497",
           "latitude": -33,
           "longitude": 68.0,
           "children": [
             {
               "name": "Lucius Wilkerson",
               "gender": "Female"
             }
           ]
         },
         {
           "id": "ID198",
           "name": "Lynne Reddick",
           "gender": "Female",
           "language": "Marshallese",
           "company": "Canadian Automotive Corporation",
           "phone": "+44 8450 22 8273",
           "email": "ArchieN@example.com",
           "photo": "placehold.it/350x150",
           "isemployed": 1,
           "mstatus": "Single",
           "dob": "05/06/1992",
           "address": "174 NE Ashwood Circle, Penobscot Building, Frankfort, Kentucky, 86265",
           "latitude": 80,
           "longitude": 16.0,
           "children": [
             {
               "name": "Abe Abrams",
               "gender": "Male"
             },
             {
               "name": "Delicia Slater",
               "gender": "Female"
             }
           ]
         },
         {
           "id": "ID199",
           "name": "Maurice Abreu",
           "gender": "Male",
           "language": "Faroese",
           "company": "General Automotive Group",
           "phone": "+33 5 01 21 68 67",
           "email": "Abraham3@example.com",
           "photo": "placehold.it/350x150",
           "isemployed": 1,
           "mstatus": "Married",
           "dob": "04/07/1993",
           "address": "10 NW Ashwood Avenue, Phoenix, Arizona, 30529",
           "latitude": -30,
           "longitude": -61.0,
           "children": [
             {
               "name": "Asuncion Kilgore",
               "gender": "Female"
             },
             {
               "name": "Jaimee Jimenez",
               "gender": "Male"
             }
           ]
         }
       ]', 44, '12', '1981-06-04 10:04:34', '1970-01-01 00:01:38'),
       (42, 14, 'EX', 46, '[
         {
           "id": "ID200",
           "name": "Erika Abbott",
           "gender": "Female",
           "language": "Inuktitut",
           "company": "United 5G Wireless Corporation",
           "phone": "+44 841 195 8592",
           "email": "Burma.Abrams21@example.com",
           "photo": "placehold.it/350x150",
           "isemployed": 1,
           "mstatus": "Single",
           "dob": "21/03/1991",
           "address": "1365 South Stonewood Pkwy, First Security Building, Denver, Colorado, 92725",
           "latitude": -89,
           "longitude": 103.0,
           "children": [
             {
               "name": "Adam Cho",
               "gender": "Male"
             },
             {
               "name": "Rory Burk",
               "gender": "Female"
             }
           ]
         },
         {
           "id": "ID201",
           "name": "Fay Foley",
           "gender": "Female",
           "language": "Maori",
           "company": "East Financial Experts Co.",
           "phone": "+52 63 4151 8881",
           "email": "HilarioDoughty@example.com",
           "photo": "placehold.it/350x150",
           "isemployed": 1,
           "mstatus": "Single",
           "dob": "09/04/1991",
           "address": "44 Sharp Hill Ln, Concord, NH, 25825",
           "latitude": 6,
           "longitude": -15.0,
           "children": [
             {
               "name": "Mac Millard",
               "gender": "Male"
             }
           ]
         }
       ]', 1, 'TMTBH9A', '1982-02-16 07:05:32', '2019-04-19 12:13:43'),
       (43, 9, 'G', 32, '[
         {
           "id": "ID202",
           "name": "Graham Mcknight",
           "gender": "Male",
           "language": "Japanese",
           "company": "Pacific Instruments Group",
           "phone": "+44 832 201 4666",
           "email": "Segura@nowhere.com",
           "photo": "placehold.it/350x150",
           "isemployed": 1,
           "mstatus": "Single",
           "dob": "27/01/1998",
           "address": "2588 87th Highway, Keith Bldg, Dover, DE, 14537",
           "latitude": -16,
           "longitude": -161.0,
           "children": [
             {
               "name": "Consuelo Ruiz",
               "gender": "Female"
             },
             {
               "name": "Philomena Boren",
               "gender": "Female"
             }
           ]
         },
         {
           "id": "ID203",
           "name": "Valentine Chance",
           "gender": "Female",
           "language": "Afar",
           "company": "Federal Nuclear Power Group",
           "phone": "+49 (0527) 451815",
           "email": "HollisBach5@example.com",
           "photo": "placehold.it/350x150",
           "isemployed": 1,
           "mstatus": "Single",
           "dob": "02/02/1997",
           "address": "2052 8th Cir, 257 Towers Bldg, Austin, Texas, 15614",
           "latitude": 0,
           "longitude": 24.0,
           "children": [
             {
               "name": "Stan Tubbs",
               "gender": "Female"
             }
           ]
         },
         {
           "id": "ID204",
           "name": "Nina Hensley",
           "gender": "Female",
           "language": "Icelandic",
           "company": "Australian Systems Group",
           "phone": "+33 3 23 04 02 95",
           "email": "AdalineDelvalle@example.com",
           "photo": "placehold.it/350x150",
           "isemployed": 0,
           "mstatus": "Married",
           "dob": "14/05/2000",
           "address": "213 Buttonwood Cir, 257 Towers Building, Trenton, NJ, 80653",
           "latitude": -84,
           "longitude": 6.0,
           "children": [
             {
               "name": "Esta Abel",
               "gender": "Male"
             }
           ]
         },
         {
           "id": "ID205",
           "name": "Trudy Bivens",
           "gender": "Female",
           "language": "Cornish",
           "company": "West F-Mobile Inc.",
           "phone": "+44 4580 937680",
           "email": "Andrus@example.com",
           "photo": "placehold.it/350x150",
           "isemployed": 1,
           "mstatus": "Single",
           "dob": "11/07/1993",
           "address": "159 North Highland Highway, Penobscot Bldg, Sacramento, CA, 50485",
           "latitude": -4,
           "longitude": 114.0,
           "children": [
             {
               "name": "Amee Adams",
               "gender": "Male"
             },
             {
               "name": "Renato Bond",
               "gender": "Male"
             }
           ]
         }
       ]', 27, '434I9STO7JX2804', '1972-04-03 09:40:11', '2020-05-04 20:57:15'),
       (44, 50, NULL, NULL, NULL, 40, '2NQ', NULL, '1970-01-01 00:00:58'),
       (45, 3, 'IN1I', 32, '[
         {
           "id": "ID206",
           "name": "Beau Schulze",
           "gender": "Male",
           "language": "Malagasy",
           "company": "Pacific P-Mobile Corporation",
           "phone": "+44 173 538 5559",
           "email": "Marica.Busch@example.com",
           "photo": "placehold.it/350x150",
           "isemployed": 1,
           "mstatus": "Single",
           "dob": "05/02/1998",
           "address": "82 Hidden Prospect Hill Way, Salt Lake City, UT, 34859",
           "latitude": 72,
           "longitude": 0.0,
           "children": [
             {
               "name": "Benjamin Connelly",
               "gender": "Female"
             },
             {
               "name": "Tommy Ahern",
               "gender": "Male"
             }
           ]
         },
         {
           "id": "ID207",
           "name": "Clinton Abreu",
           "gender": "Female",
           "language": "Latin",
           "company": "International High-Technologies Corporation",
           "phone": "+420 334 094 377",
           "email": "Rigsby@example.com",
           "photo": "placehold.it/350x150",
           "isemployed": 0,
           "mstatus": "Married",
           "dob": "02/03/1991",
           "address": "312 SE Prospect Hill Blvd, Salem, Oregon, 58350",
           "latitude": -51,
           "longitude": 21.0,
           "children": [
             {
               "name": "Adam Horvath",
               "gender": "Female"
             }
           ]
         },
         {
           "id": "ID208",
           "name": "Darwin Nelson",
           "gender": "Female",
           "language": "Korean",
           "company": "United Oil Corp.",
           "phone": "+52 13 2181 9432",
           "email": "pgdzlrpa_combp@example.com",
           "photo": "placehold.it/350x150",
           "isemployed": 0,
           "mstatus": "Divorced",
           "dob": "16/07/1991",
           "address": "1156 West Lake Drive, 1st FL, Concord, NH, 68397",
           "latitude": 87,
           "longitude": -4.0,
           "children": [
             {
               "name": "Latia Leclair",
               "gender": "Male"
             },
             {
               "name": "Lonnie Sprouse",
               "gender": "Male"
             }
           ]
         },
         {
           "id": "ID209",
           "name": "Fernando Church",
           "gender": "Female",
           "language": "Inuktitut",
           "company": "American Semiconductor Inc.",
           "phone": "+44 5516 620957",
           "email": "AlfredaAbrams@example.com",
           "photo": "placehold.it/350x150",
           "isemployed": 0,
           "mstatus": "Married",
           "dob": "21/09/1993",
           "address": "1834 SE Bayview Parkway, Little Rock, Arkansas, 78273",
           "latitude": 71,
           "longitude": -154.0,
           "children": [
             {
               "name": "Emerita Edmondson",
               "gender": "Male"
             },
             {
               "name": "Francisco Dawson",
               "gender": "Male"
             }
           ]
         },
         {
           "id": "ID210",
           "name": "Alica Whipple",
           "gender": "Female",
           "language": "Hebrew",
           "company": "Global Cars Battery Inc.",
           "phone": "+49 (2917) 440294",
           "email": "zmhsa744@example.com",
           "photo": "placehold.it/350x150",
           "isemployed": 1,
           "mstatus": "Single",
           "dob": "04/07/1994",
           "address": "3725 3rd Ct, Keith Building, Augusta, ME, 32688",
           "latitude": -28,
           "longitude": 93.0,
           "children": [
             {
               "name": "Cherri Hackney",
               "gender": "Male"
             },
             {
               "name": "Chery Lockwood",
               "gender": "Male"
             }
           ]
         }
       ]', 37, '0230LN8J1KS200DCG', '1971-06-21 15:28:30', '1970-01-01 00:51:28'),
       (46, 35, '6', 34, '[
         {
           "id": "ID211",
           "name": "Grover Alvarez",
           "gender": "Female",
           "language": "Catalan",
           "company": "Creative High-Technologies Group",
           "phone": "+49 (0928) 793889",
           "email": "qpho8400@nowhere.com",
           "photo": "placehold.it/350x150",
           "isemployed": 0,
           "mstatus": "Married",
           "dob": "28/10/1991",
           "address": "2808 Woodhurst Highway, Des Moines, Iowa, 19759",
           "latitude": 42,
           "longitude": -65.0,
           "children": [
             {
               "name": "Alia Agee",
               "gender": "Male"
             },
             {
               "name": "Jenna Battle",
               "gender": "Male"
             }
           ]
         },
         {
           "id": "ID212",
           "name": "Eldon Mccune",
           "gender": "Male",
           "language": "Tagalog",
           "company": "Creative Space Research Corporation",
           "phone": "+44 429 905 5503",
           "email": "RobertAbrams@nowhere.com",
           "photo": "placehold.it/350x150",
           "isemployed": 0,
           "mstatus": "Married",
           "dob": "23/03/1997",
           "address": "1323 Rock Hill Blvd, Nipper Bldg, Salem, OR, 64968",
           "latitude": 81,
           "longitude": 176.0,
           "children": [
             {
               "name": "Sydney Drury",
               "gender": "Female"
             },
             {
               "name": "Titus Abbott",
               "gender": "Female"
             }
           ]
         },
         {
           "id": "ID213",
           "name": "Cody Handley",
           "gender": "Female",
           "language": "Japanese",
           "company": "West Coast P-Mobile Group",
           "phone": "+52 46 2712 9845",
           "email": "Dunning@nowhere.com",
           "photo": "placehold.it/350x150",
           "isemployed": 1,
           "mstatus": "Married",
           "dob": "07/08/1994",
           "address": "22 Hazelwood Ct, Lansing, MI, 50690",
           "latitude": 75,
           "longitude": 163.0,
           "children": [
             {
               "name": "Jewel Schwarz",
               "gender": "Female"
             }
           ]
         },
         {
           "id": "ID214",
           "name": "Linh Barron",
           "gender": "Female",
           "language": "Inuktitut",
           "company": "Home Space Explore Corp.",
           "phone": "+49 7382 644587",
           "email": "Crawford@example.com",
           "photo": "placehold.it/350x150",
           "isemployed": 0,
           "mstatus": "Divorced",
           "dob": "06/05/1996",
           "address": "37 West Ashwood Highway, Fisher Building, Carson City, Nevada, 75617",
           "latitude": 72,
           "longitude": -163.0,
           "children": [
             {
               "name": "Deetta Connell",
               "gender": "Female"
             }
           ]
         },
         {
           "id": "ID215",
           "name": "Dorothea Bunnell",
           "gender": "Female",
           "language": "Aragonese",
           "company": "Domestic Mobile Group",
           "phone": "+380 04 043-887-9",
           "email": "Jan.Abney@example.com",
           "photo": "placehold.it/350x150",
           "isemployed": 1,
           "mstatus": "Single",
           "dob": "28/01/1993",
           "address": "699 Front Ct, APT 762, Phoenix, AZ, 51410",
           "latitude": 9,
           "longitude": -22.0,
           "children": [
             {
               "name": "Alyce Coats",
               "gender": "Female"
             },
             {
               "name": "Shad Barron",
               "gender": "Female"
             }
           ]
         },
         {
           "id": "ID216",
           "name": "Gayle Leary",
           "gender": "Male",
           "language": "Hungarian",
           "company": "American Investment Corporation",
           "phone": "+55 10 4082-5585",
           "email": "Angle_Anders@example.com",
           "photo": "placehold.it/350x150",
           "isemployed": 0,
           "mstatus": "Married",
           "dob": "21/02/1999",
           "address": "2440 Red Sharp Hill St, Columbus, OH, 27680",
           "latitude": -2,
           "longitude": -161.0,
           "children": [
             {
               "name": "Debbie Luna",
               "gender": "Female"
             }
           ]
         },
         {
           "id": "ID217",
           "name": "Terrell Durr",
           "gender": "Male",
           "language": "Guarani",
           "company": "Advanced Laboratories Corp.",
           "phone": "+44 2273 800694",
           "email": "cdvbjijf_vmzyg@nowhere.com",
           "photo": "placehold.it/350x150",
           "isemployed": 0,
           "mstatus": "Divorced",
           "dob": "17/03/1995",
           "address": "795 1st Way, Penobscot Building, Providence, Rhode Island, 42490",
           "latitude": 86,
           "longitude": -125.0,
           "children": [
             {
               "name": "Coralee Wilmoth",
               "gender": "Male"
             }
           ]
         },
         {
           "id": "ID218",
           "name": "Noe Blanchard",
           "gender": "Female",
           "language": "Macedonian",
           "company": "City D-Mobile Corporation",
           "phone": "+32 8 493 14 41",
           "email": "Anthony@example.com",
           "photo": "placehold.it/350x150",
           "isemployed": 1,
           "mstatus": "Single",
           "dob": "08/08/2003",
           "address": "1511 East Oak Way, Suite 5, Des Moines, Iowa, 65952",
           "latitude": -29,
           "longitude": -7.0,
           "children": [
             {
               "name": "Tobias Villa",
               "gender": "Male"
             }
           ]
         }
       ]', 31, '38E8HU394QRXMQRK04Y35U', '1970-01-01 00:03:47', '1970-01-01 00:00:54'),
       (47, 47, '2', 46, '[
         {
           "id": "ID219",
           "name": "Shakita Pimentel",
           "gender": "Female",
           "language": "Javanese",
           "company": "Advanced Green Resources Co.",
           "phone": "+32 7 728 41 55",
           "email": "geepxpmk0@example.com",
           "photo": "placehold.it/350x150",
           "isemployed": 1,
           "mstatus": "Divorced",
           "dob": "03/03/1991",
           "address": "305 Chapel Hill Way, First Security Building, Montgomery, AL, 19776",
           "latitude": -21,
           "longitude": -121.0,
           "children": [
             {
               "name": "Lane Couture",
               "gender": "Male"
             }
           ]
         },
         {
           "id": "ID220",
           "name": "Kurtis Halsey",
           "gender": "Male",
           "language": "Panjabi",
           "company": "Canadian X-Mobile Corp.",
           "phone": "+420 623 138 890",
           "email": "Purcell@example.com",
           "photo": "placehold.it/350x150",
           "isemployed": 1,
           "mstatus": "Single",
           "dob": "24/10/1993",
           "address": "2241 Hidden Rock Hill Ln, Superior Bldg, Helena, Montana, 49501",
           "latitude": -81,
           "longitude": -18.0,
           "children": [
             {
               "name": "Leena Alonso",
               "gender": "Male"
             }
           ]
         }
       ]', 25, '835', '2003-06-08 01:51:40', '1970-01-01 00:06:23'),
       (48, 47, 'B129PW', 50, '[
         {
           "id": "ID221",
           "name": "Beth Bass",
           "gender": "Female",
           "language": "Assamese",
           "company": "Federal Space Research Corporation",
           "phone": "+44 719 119 0995",
           "email": "AlonzoBinkley@example.com",
           "photo": "placehold.it/350x150",
           "isemployed": 0,
           "mstatus": "Single",
           "dob": "20/04/1997",
           "address": "3551 South Cedar Tree Hwy, Boston, Massachusetts, 73373",
           "latitude": -42,
           "longitude": 171.0,
           "children": [
             {
               "name": "Francisca Lerma",
               "gender": "Male"
             },
             {
               "name": "Liana Hearn",
               "gender": "Female"
             }
           ]
         },
         {
           "id": "ID222",
           "name": "Leonora Mayo",
           "gender": "Male",
           "language": "Finnish",
           "company": "Future Materials Corporation",
           "phone": "+380 69 283-278-3",
           "email": "Crow@nowhere.com",
           "photo": "placehold.it/350x150",
           "isemployed": 0,
           "mstatus": "Married",
           "dob": "01/05/1996",
           "address": "2064 Hidden Rockwood Road, 1st Floor, Charleston, WV, 00514",
           "latitude": -1,
           "longitude": 1.0,
           "children": [
             {
               "name": "Lyman Acevedo",
               "gender": "Female"
             }
           ]
         }
       ]', 14, 'W2', '1970-01-01 00:00:08', '1970-01-01 00:04:04'),
       (49, 8, NULL, NULL, NULL, 36, 'Z8F091XS38H2YA29QV7Z6SV89', NULL, '1986-07-14 04:33:32'),
       (50, 25, 'J9T16F6ZV', 32, '[
         {
           "id": "ID223",
           "name": "Isela Abernathy",
           "gender": "Male",
           "language": "Fijian",
           "company": "International Cars Corporation",
           "phone": "+49 1442 667493",
           "email": "Anibal.Finney99@nowhere.com",
           "photo": "placehold.it/350x150",
           "isemployed": 1,
           "mstatus": "Divorced",
           "dob": "08/03/1991",
           "address": "207 Riverside Ave, Equitable Bldg, Nashville, TN, 19360",
           "latitude": 68,
           "longitude": 173.0,
           "children": [
             {
               "name": "Faviola Soria",
               "gender": "Female"
             }
           ]
         },
         {
           "id": "ID224",
           "name": "Jarrett Acevedo",
           "gender": "Female",
           "language": "Ossetian",
           "company": "National Entertainment Inc.",
           "phone": "+52 34 3478 4864",
           "email": "Valeria.Lamm@nowhere.com",
           "photo": "placehold.it/350x150",
           "isemployed": 0,
           "mstatus": "Married",
           "dob": "03/03/1993",
           "address": "1078 Chapel Hill Drive, Hartford, CT, 21081",
           "latitude": 83,
           "longitude": -99.0,
           "children": [
             {
               "name": "Adriene Gill",
               "gender": "Female"
             },
             {
               "name": "Alejandro Franks",
               "gender": "Male"
             }
           ]
         },
         {
           "id": "ID225",
           "name": "Heriberto Banks",
           "gender": "Female",
           "language": "Galician",
           "company": "International High-Technologies Corp.",
           "phone": "+420 083 253 921",
           "email": "DelilahMoran@example.com",
           "photo": "placehold.it/350x150",
           "isemployed": 1,
           "mstatus": "Married",
           "dob": "15/11/1993",
           "address": "3715 Stonewood Drive, Buhl Bldg, Montgomery, Alabama, 62733",
           "latitude": 2,
           "longitude": 20.0,
           "children": [
             {
               "name": "Clement Faison",
               "gender": "Female"
             },
             {
               "name": "Jarvis Abreu",
               "gender": "Male"
             }
           ]
         },
         {
           "id": "ID226",
           "name": "Carylon Jacobs",
           "gender": "Male",
           "language": "Kashmiri",
           "company": "Australian Space Explore Group",
           "phone": "+44 2537 688513",
           "email": "Rosas542@example.com",
           "photo": "placehold.it/350x150",
           "isemployed": 0,
           "mstatus": "Divorced",
           "dob": "15/04/1992",
           "address": "480 Quailwood Pkwy, 8th FL, Honolulu, Hawaii, 92928",
           "latitude": 51,
           "longitude": 78.0,
           "children": [
             {
               "name": "Filiberto Rowley",
               "gender": "Female"
             }
           ]
         }
       ]', 12, 'YH42822F8W81S320B2GVU94L9G124N4642P0614N6UVN1AO446GC00LX2EMU584OI438KL1F0QDYSP9EC9M5LGUFI4G1P95745',
        '1970-01-01 00:07:49', '2008-04-11 14:48:04');

--
-- Inserting data into table photo_albums
--
INSERT INTO photo_albums(id, name, user_id)
VALUES (1, 'Burleson579', 35),
       (2, 'Devito2008', 22),
       (3, 'Ahmed2013', 43),
       (4, 'Johnathan1980', 6),
       (5, 'Jay2017', 2),
       (6, 'Jorge1997', 48),
       (7, 'Edmond212', 15),
       (8, 'Roth1988', 15),
       (9, 'Alarcon2008', 1),
       (10, 'Abbott2007', 41),
       (11, 'Pierson193', 25),
       (12, 'Bible1956', 25),
       (13, 'Doris1986', 5),
       (14, 'Zina161', 2),
       (15, 'Cleveland812', 42),
       (16, 'Sherman438', 23),
       (17, 'Tibbs614', 39),
       (18, 'Blackwood1955', 2),
       (19, 'Adam192', 25),
       (20, 'Scot9', 29),
       (21, 'Devries91', 42),
       (22, 'Dean1990', 13),
       (23, 'Trish74', 38),
       (24, 'Branden174', 8),
       (25, 'Mark49', 22),
       (26, NULL, 45),
       (27, 'Goodman777', 45),
       (28, 'Shackelford944', 45),
       (29, NULL, 37),
       (30, 'Risa64', 46),
       (31, 'Indira2003', 42),
       (32, 'Darnell1999', 39),
       (33, 'Cantu547', 9),
       (34, 'Vida2003', 39),
       (35, 'Milan2024', 26),
       (36, 'Joya1993', 39),
       (37, 'Arthur1966', 49),
       (38, 'Furr2007', 40),
       (39, 'Roach2022', 46),
       (40, 'Frank746', 42),
       (41, 'Adolph4', 49),
       (42, 'Adela15', 41),
       (43, 'Elmore2', 36),
       (44, 'Lane6', 24),
       (45, 'Celia8', 34),
       (46, 'Lynn1975', 16),
       (47, 'Owen38', 15),
       (48, 'Coletta797', 5),
       (49, 'Dalia1', 36),
       (50, 'Marcene1983', 16);

--
-- Inserting data into table friend_requests
--
INSERT INTO friend_requests(initiator_user_id, target_user_id, status, requested_at, updated_at)
VALUES (47, 47, 'unfriended', '1970-01-01 00:00:04', '1973-11-21 14:53:01'),
       (9, 9, 'declined', '1976-07-22 10:22:14', NULL),
       (18, 18, 'approved', '1970-01-01 00:00:08', '2013-01-16 22:09:39'),
       (4, 4, 'unfriended', '2021-01-09 08:31:06', '1970-01-01 01:19:23'),
       (28, 28, 'approved', '1971-10-31 12:15:10', '2013-12-24 16:37:37'),
       (50, 50, NULL, NULL, NULL),
       (45, 45, 'declined', '1996-06-23 10:31:03', '2002-08-13 14:45:15'),
       (48, 48, 'unfriended', '2002-07-15 06:31:17', '2020-11-30 02:25:10'),
       (46, 46, 'declined', '1990-06-11 04:16:40', '2019-09-30 04:06:59'),
       (23, 23, 'approved', '2017-05-05 05:32:19', '1974-11-06 08:44:48'),
       (13, 13, 'requested', '2010-04-04 06:12:46', '1982-12-31 12:10:36'),
       (19, 19, 'unfriended', '1970-01-01 00:10:39', '1988-11-17 12:00:12'),
       (42, 42, 'requested', '1970-01-01 00:56:40', NULL),
       (14, 14, 'requested', '2017-08-17 18:32:46', '1970-01-01 00:00:07'),
       (20, 20, 'declined', '1970-01-01 00:01:06', '2015-12-05 12:30:38'),
       (49, 49, 'declined', '1970-01-01 00:06:55', '2012-12-21 05:37:10'),
       (15, 15, 'approved', '1980-07-31 18:04:36', '2014-11-27 12:36:48'),
       (37, 37, 'unfriended', '1970-01-01 00:00:25', '2007-11-09 14:29:01'),
       (43, 43, 'approved', '1985-09-21 11:58:33', '1994-09-21 10:36:07'),
       (21, 21, 'unfriended', '1993-07-02 21:58:50', '2006-01-26 21:11:39'),
       (29, 29, 'requested', '1970-01-01 00:57:34', '1970-01-01 01:00:32'),
       (38, 38, 'requested', '1970-01-01 02:09:09', '2009-01-13 06:29:10'),
       (10, 10, 'declined', '2012-07-17 08:15:24', '1983-11-27 16:46:25'),
       (16, 16, 'declined', '1970-01-01 02:25:46', '2011-08-07 20:37:25'),
       (5, 5, 'unfriended', '1982-05-06 02:41:05', NULL),
       (11, 11, 'unfriended', '1970-01-01 00:00:10', NULL),
       (24, 24, 'unfriended', '2018-09-08 07:10:53', '1977-09-05 11:47:44'),
       (30, 30, 'unfriended', '1994-07-09 09:29:13', '2010-10-11 18:36:07'),
       (25, 25, 'unfriended', '2018-03-21 04:50:26', '1970-01-01 00:14:28'),
       (22, 22, 'requested', '1986-07-09 01:48:39', '1970-01-01 00:00:07'),
       (44, 44, 'unfriended', '2010-06-21 10:43:07', '1988-01-18 01:03:07'),
       (6, 6, 'unfriended', '1970-01-01 00:00:04', '2012-08-19 00:46:19'),
       (31, 31, 'unfriended', '1982-03-28 13:22:17', '1972-04-14 23:30:32'),
       (39, 39, 'approved', '1970-01-01 00:16:31', '1998-12-05 23:24:43'),
       (26, 26, 'requested', '2018-06-16 23:53:59', '1970-01-01 00:00:12'),
       (32, 32, 'declined', '2010-02-18 10:03:32', '2008-03-01 01:46:44'),
       (17, 17, 'unfriended', '1976-11-16 14:40:42', '2003-06-06 07:54:41'),
       (12, 12, 'unfriended', '2002-02-16 17:54:46', '2004-04-13 16:23:34'),
       (1, 1, 'unfriended', '1985-01-31 01:26:36', '2017-10-19 00:00:37'),
       (34, 34, 'unfriended', '1970-01-01 00:10:02', '1980-01-22 10:10:45'),
       (40, 40, 'requested', '1970-01-01 01:59:55', '1970-01-01 00:14:57'),
       (27, 27, 'requested', '1995-05-28 08:18:45', '1994-05-26 20:40:50'),
       (33, 33, 'approved', '1970-01-01 00:00:38', '1972-02-12 18:15:22'),
       (7, 7, 'approved', '1970-01-01 00:00:13', '2017-11-21 20:30:54'),
       (35, 35, NULL, NULL, NULL),
       (41, 41, 'declined', '1998-04-15 12:56:26', '2000-05-11 20:06:10'),
       (36, 36, NULL, NULL, '2010-02-16 15:20:20'),
       (2, 2, 'unfriended', '2012-04-28 03:01:55', '1970-01-01 00:01:02'),
       (8, 8, 'declined', '1979-01-21 12:22:14', '2000-03-07 02:38:53'),
       (3, 3, 'requested', '1970-01-01 00:05:07', '1971-12-09 11:09:58');

--
-- Inserting data into table likes
--
INSERT INTO likes(id, user_id, media_id, created_at)
VALUES (1, 3, 7, '2006-12-16 10:45:26'),
       (2, 23, 28, '2004-07-23 08:27:13'),
       (3, 18, 27, '2021-03-22 21:05:26'),
       (4, 42, 45, '1995-02-09 20:55:11'),
       (5, 20, 1, '2000-06-30 23:59:12'),
       (6, 46, 28, '2000-11-25 18:41:17'),
       (7, 30, 21, '1971-03-27 04:31:42'),
       (8, 18, 23, '2016-10-05 04:03:28'),
       (9, 19, 42, '1970-01-01 00:08:53'),
       (10, 47, 11, '1970-01-01 00:04:54'),
       (11, 39, 4, '1982-11-16 20:12:30'),
       (12, 3, 37, '2000-08-29 02:19:03'),
       (13, 27, 8, '2014-06-10 22:49:01'),
       (14, 11, 21, NULL),
       (15, 10, 42, '1970-01-01 00:00:06'),
       (16, 19, 3, '2015-12-02 03:29:45'),
       (17, 2, 5, '1992-04-11 04:09:55'),
       (18, 34, 24, '1970-01-01 00:08:32'),
       (19, 29, 33, '1970-01-01 02:05:18'),
       (20, 24, 33, '1997-08-18 11:27:57'),
       (21, 14, 4, '2014-03-26 15:52:02'),
       (22, 10, 32, '1991-08-24 02:48:53'),
       (23, 33, 22, '1981-06-13 23:30:07'),
       (24, 12, 23, '1975-09-24 07:52:28'),
       (25, 15, 47, '1989-09-06 14:36:35'),
       (26, 34, 13, '1991-06-25 16:07:48'),
       (27, 32, 41, '1970-01-01 02:03:38'),
       (28, 20, 40, '1985-01-09 08:20:25'),
       (29, 34, 37, '1979-01-03 05:58:31'),
       (30, 36, 47, '1970-01-01 00:00:04'),
       (31, 5, 13, '2016-10-02 07:26:18'),
       (32, 16, 46, '1997-12-08 17:21:23'),
       (33, 8, 19, '2021-01-03 20:53:54'),
       (34, 44, 28, NULL),
       (35, 10, 19, '1980-11-26 01:03:41'),
       (36, 22, 19, '1970-01-01 00:09:09'),
       (37, 1, 4, '1970-01-01 01:37:34'),
       (38, 41, 20, '1970-01-01 02:37:34'),
       (39, 13, 43, '1970-02-17 19:33:45'),
       (40, 41, 1, '1973-12-03 11:15:08'),
       (41, 5, 20, '2015-09-26 03:09:28'),
       (42, 30, 17, '2018-03-02 02:25:17'),
       (43, 3, 12, '1970-01-01 02:04:26'),
       (44, 44, 15, '1978-04-20 09:23:51'),
       (45, 4, 4, '2004-07-31 16:42:10'),
       (46, 25, 47, '2003-09-20 00:37:23'),
       (47, 34, 8, '1997-01-02 18:44:49'),
       (48, 36, 48, '1971-02-12 19:50:35'),
       (49, 43, 2, '1984-10-09 05:16:10'),
       (50, 24, 17, '1970-01-01 00:00:44');

--
-- Inserting data into table messages
--
INSERT INTO messages(id, from_user_id, to_user_id, body, created_at)
VALUES (1, 10, 18, NULL, NULL),
       (2, 10, 1, 'F201D4OFXJ8QSD0EMX466B2WGM7', '1971-02-10 08:11:05'),
       (3, 11, 46, '7SAZ5477', '1987-06-13 09:03:29'),
       (4, 48, 11, '1CIY4Y3ND5PODH9FK5NWYAN8KEAG0K75PX114152KL2M5OFENT7S5MMJ4N4', '2011-01-15 04:18:03'),
       (5, 35, 37, 'Z5Y79X8MU6QASXWCZ73J5127626014T82', '2011-03-31 14:55:22'),
       (6, 35, 6, '0', '1991-09-21 08:30:04'),
       (7, 7, 20, 'ZK5XVAH08220', '1989-09-30 04:54:21'),
       (8, 5, 20, '6E91C2848XZ781454V6A', '1983-05-08 14:01:25'),
       (9, 29, 22, 'B2', '1970-01-01 00:03:18'),
       (10, 14, 32, 'S13E19PHY5', '2003-10-01 15:14:38'),
       (11, 31, 10, '30U4UFL7W83O7R8SN0C6EGCRF63GS65AD5960QCUW4WEQ3SJSD6NV08', '1982-02-01 03:47:34'),
       (12, 36, 16, '05F2340JX5ISPFB0UE675N6NU72Q93CSPS54U31', '1990-02-19 19:46:17'),
       (13, 13, 6, '03CI98Z3WSHDR8GN73D3F', '2004-11-19 23:16:11'),
       (14, 21, 35, 'WDBAA4Z351F8801W6AVNZ7G2POT561V38A7210VDWTAWLZUQX8O4D6Y3L4', '2008-05-04 03:23:20'),
       (15, 21, 17, '6RUIF08TNBG45119', '1985-04-23 17:34:17'),
       (16, 1, 13, '737I0', '2021-06-02 00:27:43'),
       (17, 31, 43, '6EQGVYTP787R19E4U685QI2TDJ', '2017-07-14 17:57:04'),
       (18, 32, 8, '5N', '1981-10-18 22:57:24'),
       (19, 20, 28, 'A5UZTB854JQW2L', '1995-08-04 01:31:09'),
       (20, 42, 34, '24X37K31S4LW3TL4K', '1990-11-25 14:04:44'),
       (21, 18, 26, 'D952L9K24PYE34PXLQ9PYMH6', '1970-01-01 01:10:18'),
       (22, 1, 45, 'G081YZ262R1E57HNN58ZFLP61', '2019-06-27 07:48:29'),
       (23, 48, 15, '30K5V8C', '1970-01-01 00:00:10'),
       (24, 44, 45, '5VVTH0FE4PW58', '1995-05-24 22:18:56'),
       (25, 37, 10, '60TCJA5793D24V733M', '2004-08-31 11:27:43'),
       (26, 4, 44, NULL, NULL),
       (27, 34, 6,
        'LEGS5GW7YXS7C62P23S51SWA7KA3FDGOKIT856VO3Q0TSG4DW85PR8H75X919K4149RN3599B263CEAL85T87S3TABKX83SK3TXZ8JLD53BJ5579LH51C56X31132RRVI0SL6KY0XYN1E',
        '1991-03-25 11:54:47'),
       (28, 26, 34, '8TA6S1', '1970-01-01 02:01:37'),
       (29, 39, 28, 'Y02489S3Y2777UY8X0XTEHQLFRXD09', '2009-06-11 08:32:14'),
       (30, 37, 25, '72856037TOGK7A4WK649PYGGBF73M3M4EKT15RT690U', '1986-09-10 11:52:24'),
       (31, 20, 20, NULL, NULL),
       (32, 1, 11, '5519LRHAR553KIN', '1970-10-03 11:56:51'),
       (33, 1, 8, '0UW1JGTC078MGLQM7R20QPT', '1970-01-01 00:02:21'),
       (34, 34, 8, 'EJ99', '1972-06-29 09:13:40'),
       (35, 7, 26, '2M9Z6T39025UE8848Q30E80JG3JHM5CY0B4E9R5WMY29S', '2011-07-26 14:50:32'),
       (36, 7, 28, '3VF5NI86CMT5J75Y0GVES08Z28BMHL5575YWFC5JE17Y0557F3UC2', '2009-06-19 13:05:40'),
       (37, 46, 5, 'TKH1V07BJZ0G21', '1990-03-10 21:56:16'),
       (38, 18, 20, '0378', '1999-08-03 17:15:17'),
       (39, 9, 18, 'A411NP34PMAZ76FP7876R4YD3TP7UM88I12WD443OIP83T3GG8FREU5L6LLYI2691967Q', '1995-12-07 04:31:26'),
       (40, 15, 6, '2ALDI51F2Q3SU', '2012-06-11 09:40:36'),
       (41, 19, 4, 'XL9E2T2LS3O761', '2000-09-04 09:42:21'),
       (42, 21, 26, 'U2A1C11N82PIV78D7ET0Y4N3PV5PV1F1C1MWJ29K76TQUF05', '2008-10-24 22:18:48'),
       (43, 3, 42, '6DQ08385GWUQXPVI', '1970-01-01 00:00:04'),
       (44, 36, 33, 'QHW453AE748', '1989-05-15 03:19:02'),
       (45, 31, 7, 'HD9AM1', '2015-10-18 15:29:48'),
       (46, 22, 18, '6552W5M24G9DGP0F96K0V787WMDF5JG86NGQ', '1992-04-05 09:09:18'),
       (47, 31, 5, 'W9665Q92339BJ4L3G40JH2G4Q', '1970-01-01 00:15:42'),
       (48, 44, 34, '8ST0AQH23PD4ESV', '1978-10-07 01:19:05'),
       (49, 5, 12, 'F100W9F6', '1970-01-01 00:00:04'),
       (50, 1, 49, 'VPON8B208426A10QB35F0188K5EJW', '1980-07-14 05:10:48');

--
-- Inserting data into table photos
--
INSERT INTO photos(id, photo_album_id, media_id)
VALUES (1, 3, 33),
       (2, 13, 18),
       (3, 33, 40),
       (4, 39, 15),
       (5, 38, 28),
       (6, 28, 6),
       (7, 28, 39),
       (8, 46, 27),
       (9, 28, 49),
       (10, 21, 37),
       (11, 37, 20),
       (12, 20, 3),
       (13, 12, 7),
       (14, 28, 38),
       (15, 20, 41),
       (16, 7, 13),
       (17, 23, 15),
       (18, 4, 24),
       (19, 23, 28),
       (20, 2, 18),
       (21, 28, 6),
       (22, 48, 16),
       (23, 32, 31),
       (24, 7, 20),
       (25, 28, 29),
       (26, 43, 47),
       (27, 30, 17),
       (28, 28, 42),
       (29, 40, 1),
       (30, 30, 37),
       (31, 28, 19),
       (32, 5, 6),
       (33, 36, 27),
       (34, 18, 36),
       (35, 17, 21),
       (36, 9, 46),
       (37, 26, 21),
       (38, 5, 35),
       (39, 31, 40),
       (40, 45, 1),
       (41, 15, 24),
       (42, 20, 17),
       (43, 49, 36),
       (44, 26, 25),
       (45, 50, 11),
       (46, 2, 35),
       (47, 34, 44),
       (48, 34, 50),
       (49, 45, 43),
       (50, 42, 36);

--
-- Inserting data into table profiles
--
INSERT INTO profiles(user_id, gender, birthday, hometown, photo_id, created_at)
VALUES (10, 'M', '2018-12-18', '0P0', 1, '1970-01-01 01:51:14'),
       (50, 'F', '2011-02-18', '9Z33035N6L29NLVHE7', 2, '1970-01-01 00:00:18'),
       (47, NULL, NULL, NULL, 3, NULL),
       (45, NULL, NULL, NULL, 4, NULL),
       (5, 'F', '2017-09-11', 'YFR70283XWDWVKY3CJ8MN', 5, '2007-11-12 21:32:51'),
       (33, 'F', '2021-12-25', 'U94TO1Y8', 6, '1975-02-13 06:02:29'),
       (42, 'M', '2020-02-18', 'EWDMWP5D50L4MZ8QZ43FOI2553VXE2', 7, '1998-10-17 05:55:40'),
       (37, 'F', '2020-03-17', '6045T32X575Q2FQ2', 8, '1993-06-28 04:33:42'),
       (21, 'M', '2021-03-08', '2A844G7ZC828V594X8XLE', 9, '1970-01-01 00:00:44'),
       (11, 'F', '2021-08-11',
        '0279EOJ88B4M0GAY16GGI7609N5M98B48BN7D8KYQ59V3707DPEH6GC954021L0RIX2QYET0M5454UU9U8Y264RT096XVHB3IMQP', 10,
        '1975-09-14 00:03:38'),
       (28, 'M', '2021-05-07', '33VT98X6YC1VKHN2511', 11, '2009-10-08 06:10:07'),
       (23, NULL, NULL, NULL, 12, NULL),
       (29, 'M', '2021-08-12', '54SF26Q875NNI236FV5', 13, '1990-05-01 01:07:31'),
       (6, 'M', '2011-09-16', '5N88SM', 14, '1970-01-01 00:06:24'),
       (1, 'F', '2015-06-19', '2AHV85QWTG5A374AKXPFD0B55U4JEUG71W09Y2Q5ZZ7Q5', 15, '1970-01-01 00:07:38'),
       (43, 'F', '2020-07-15', 'D7E38T8R86SNA7R2IN84', 16, '1979-08-30 10:10:04'),
       (48, 'M', '2013-05-14', 'D1J', 17, '1970-01-01 00:07:56'),
       (24, 'F', '2011-06-02', '5051QJPO04V3L285EIP246F27SE6SHQ9P922U9VCKT7S273WBPMA1W0', 18, '1987-10-18 18:47:47'),
       (46, 'F', '2017-03-31', '82T42XQ6M40MQWSZVG3N8H9R18E8H1U6GRS', 19, '1985-04-09 16:04:50'),
       (49, 'M', '2011-10-05', '9620RJI54M4I2757Q4', 20, '2014-10-23 07:14:47'),
       (38, 'M', '2012-01-28', 'I5V6E', 21, '2005-07-03 08:56:59'),
       (16, 'M', '2013-02-09', '8SEB279ATQ5N308A6K15VBWM8TK63URLPUCP8I61MXCL3QQIR506GN23R85Z6423F963ZGP', 22,
        '2007-12-20 15:02:54'),
       (44, 'F', '2018-05-12', 'EO0448W653AWW3M', 23, '1971-03-06 04:55:19'),
       (7, 'F', '2020-10-04', '0KP7GL8M', 24, '1970-01-01 00:00:05'),
       (39, 'M', '2015-07-21', '6XWK1P064L4021Y3D', 25, '1970-01-01 00:09:46'),
       (30, 'M', '2014-09-12', '8543PSD3280JOZP7O250ZDH6GKO6L5NM0U7GW219475M9UA0K8', 26, '1970-01-01 00:00:09'),
       (22, NULL, NULL, NULL, 27, NULL),
       (2, 'M', '2011-01-09', 'P', 28, '1992-01-22 15:51:34'),
       (34, 'F', '2015-09-02', '2O', 29, '1970-01-01 00:15:51'),
       (25, 'M', '2015-07-17', 'KO50', 30, '1977-01-14 16:46:21'),
       (17, 'M', '2021-01-27', '7F89B7L32V9Z976R8VEI7N24558RD86WY', 31, '2014-04-09 03:03:48'),
       (31, 'M', '2021-12-21', '131S171EW1H415VG8MV872', 32, '1989-09-17 16:19:15'),
       (8, NULL, NULL, NULL, 33, NULL),
       (40, 'M', '2020-03-14', 'GXD186XF481DV2W29W98X6I6H74LRT5N3P', 34, '1970-01-01 00:00:09'),
       (35, 'M', '2011-01-01', '9LA7F6WZEHG715NDZ', 35, '1978-07-25 08:50:49'),
       (26, 'M', '2020-01-21', 'CX4A9ASNH3D1408D49302F3N8Z835O8K6K5T42QP98F', 36, '1984-09-08 07:56:01'),
       (12, 'M', '2015-07-30',
        'QSYZJVJ7C820TI33P2G8G0S43W4FY4VDX19G4VOW3EIU6O5EZ8625KHD67J2L6TL2AH1V23Y8N570X0G75D064241ZE70GB2R394', 37,
        '1970-01-01 00:01:33'),
       (3, 'F', '2019-07-25', '39G165MU', 38, '1993-11-27 15:16:18'),
       (32, 'F', '2012-06-21',
        '6V1W1S0632X0ON0S6154YHHT960ZPNMJK0DULB27Q8WH13F67I90J8AZN1591HT07H60238O5JD983983B9A98C3866P1', 39,
        '2003-08-25 09:42:47'),
       (9, 'F', '2020-05-31', 'EK3IP743QB97134I74G95V6P8HM2R6P57Y80W2XT5TKT6S8VOX3', 40, '2006-07-22 17:05:59'),
       (18, 'M', '2011-02-06', '5AFFL39Z1P113N0', 41, '1970-01-01 00:01:36'),
       (13, 'F', '2019-01-09', '7', 42, '2000-11-07 12:16:40'),
       (4, 'M', '2020-12-21', 'RZS9Y186WN7O3T7ESL4A2563S50BD0LE2V0H6547GZL5193', 43, '1988-03-31 18:25:17'),
       (41, 'M', '2020-05-27', '0', 44, '1970-01-01 00:01:07'),
       (36, 'M', '2011-01-09', '65942', 45, '2010-04-03 04:14:23'),
       (19, 'M', '2012-12-03', 'I1MCOI2951WOE477SMKNJ67AK07QTPY1U3YIE41GLFG0SQM1DI2P4BUK52MP', 46,
        '1970-01-01 00:00:19'),
       (27, 'F', '2021-07-15', '45EXVP1985MZRX4L9FBX9PE', 47, '2020-12-20 03:51:24'),
       (14, 'M', '2020-03-01', '648NLU1P399KB3SK8', 48, '1970-01-01 00:10:07'),
       (20, 'M', '2020-10-12', '1T1CGY8AGYDE4O7DX4QX1HZ931ZIT2D2', 49, '1993-08-10 09:52:47'),
       (15, 'F', '2020-01-05', '2AM9TB106W1427QYH0550F1860742715PT280BWS435HZLN04J1FP1A8CYI', 50,
        '2001-11-03 18:05:48');

--
-- Inserting data into table users_communities
--
INSERT INTO users_communities(user_id, community_id)
VALUES (47, 47),
       (9, 9),
       (18, 18),
       (4, 4),
       (28, 28),
       (50, 50),
       (45, 45),
       (48, 48),
       (46, 46),
       (23, 23),
       (13, 13),
       (19, 19),
       (42, 42),
       (14, 14),
       (20, 20),
       (49, 49),
       (15, 15),
       (37, 37),
       (43, 43),
       (21, 21),
       (29, 29),
       (38, 38),
       (10, 10),
       (16, 16),
       (5, 5),
       (11, 11),
       (24, 24),
       (30, 30),
       (25, 25),
       (22, 22),
       (44, 44),
       (6, 6),
       (31, 31),
       (39, 39),
       (26, 26),
       (32, 32),
       (17, 17),
       (12, 12),
       (1, 1),
       (34, 34),
       (40, 40),
       (27, 27),
       (33, 33),
       (7, 7),
       (35, 35),
       (41, 41),
       (36, 36),
       (2, 2),
       (8, 8),
       (3, 3);