USE vk;
--
-- Inserting data into table posts
--
INSERT INTO posts(id, title, author_id, body, created_at, updated_at) VALUES
(1, '6P467', 22, '8641HE7Z62S7Q57545C016K2XM872K192H26S3U', '1998-08-10 04:56:38', '1970-01-01 00:00:01'),
(2, '4GS', 44, '4EN144098348C0M0A196LGHWTQ1UP2XZ92II0A3A030A', '2007-05-27 22:09:24', '2007-02-02 09:20:34'),
(3, '4O', 25, 'TP8', '1970-01-01 00:00:07', '1988-03-21 20:13:44'),
(4, '14QN', 22, '602GR5KX64W6J7O80OJPP36V', '1990-07-16 02:00:45', '2010-04-19 17:24:29'),
(5, 'JU', 46, '7I7Z2Y4FOT1233R960M0X9XGE7KWKYSUW6D3', '2004-08-15 04:06:19', '1993-11-19 10:08:18'),
(6, '79495BXI4V2Z', 7, 'BNFSQS08TF83E36V5YVY4U5D4K5', '2018-07-29 18:26:11', '1994-08-22 12:32:13'),
(7, '16', 29, 'W99L410F6WIXY3909IQ2', '1970-01-01 00:13:22', '1987-06-28 08:09:33'),
(8, '72S6OE7IG4XIEMCD6BP', 47, 'UY', '1973-10-03 03:29:32', '1970-01-01 00:00:06'),
(9, 'H61', 8, 'BZCGCKYS3B1V21ZEWW5YZO76BI96P3', '2020-08-03 15:20:59', '1970-01-01 00:00:09'),
(10, 'I48NR1P1MP9W3', 42, 'FQ02', '1977-02-10 07:56:38', '2017-12-30 07:41:17'),
(11, '7Q9IY3', 20, NULL, '2014-12-09 01:55:12', NULL),
(12, 'RH', 7, '2', '1970-01-01 00:00:10', '1970-01-01 00:01:03'),
(13, '5K55Z5D8', 44, 'K91C7JIFK7961890D699HF0RT', '1970-01-01 00:04:59', '1974-06-09 00:06:26'),
(14, '6', 46, NULL, '1992-09-15 15:49:14', NULL),
(15, '1DY', 13, 'AIO1482CUYA3C154M34X', '1992-12-29 01:59:41', '1978-09-20 17:42:06'),
(16, '8H048', 20, 'D9550KY9ZO5714P0', '1979-01-05 00:03:23', '2015-06-30 02:34:18'),
(17, 'E6', 46, 'ABJ6K79I6Q9XPY4MJIX9', '2019-07-26 08:56:35', '1989-04-14 05:57:10'),
(18, '2QA', 12, NULL, '2017-10-10 17:22:27', NULL),
(19, '3443KH2', 46, 'X05', '1970-01-01 00:00:07', '1970-01-01 00:00:11'),
(20, 'G4PRX', 31, '44NF0796IK0JIB4', '1995-11-03 12:53:35', '2002-12-30 18:13:44'),
(21, NULL, 43, '09844H3WK342U49S319H1408V3Y935', NULL, '1971-10-21 10:12:00'),
(22, 'W1M1XK77W', 37, '060UG51809LI', '1992-10-08 07:18:42', '2018-10-09 16:41:03'),
(23, '33P49F', 37, '64A9Z0CIT1C89TVN2AV125HM7K5NYT860W91CNZDV159G25Y4K', '1970-01-01 00:43:36', '1970-01-01 00:00:43'),
(24, 'MFL', 23, NULL, '2011-10-08 15:48:30', NULL),
(25, NULL, 31, 'FG103I66LK62NS465', NULL, '1974-11-30 15:58:59'),
(26, '5A9Q4', 10, 'UC', '2016-11-23 21:56:52', '1970-01-01 01:58:07'),
(27, 'XB', 9, NULL, '1995-02-06 02:54:54', NULL),
(28, 'SVU33T', 32, 'M1G227E6', '1978-01-20 22:41:55', '2014-08-28 08:31:20'),
(29, '9975I77K', 15, 'RGE5WE0M9E4X3D7S31471RFYCC9N196FK98XO7M65E48A9DQ9RX0Y4Y5F1510', '2018-09-18 19:16:25', '1972-01-09 15:03:24'),
(30, 'KO', 37, 'NSGD', '2003-02-17 21:11:29', '1988-08-25 09:48:55'),
(31, '5', 7, 'M2MN', '2011-12-05 01:25:01', '2011-10-26 19:57:52'),
(32, 'X4XNYZ', 32, '030JO19FW9DX2BW6QHZOUQ9YPBI6HWG142QT420472OIU9CQR2HOT52Q1B7G1O9437308', '1973-06-22 12:14:28', '1983-12-08 00:10:27'),
(33, 'CM', 19, '9A0G26J4K61Z7DME9395Q02OB6KE', '2006-06-21 20:28:17', '1999-05-13 01:41:41'),
(34, '2MI', 24, 'P8H9', '1970-01-01 00:55:30', '1971-05-02 13:22:13'),
(35, '2Q', 37, 'FDQ6AAWW3S6L9FAGMBF6V260E998', '1996-11-07 16:59:18', '2018-07-12 11:45:28'),
(36, '1', 8, '1H2Z', '2004-03-07 00:31:02', '1970-01-01 00:11:51'),
(37, 'I6S6', 1, NULL, '1998-05-28 18:17:51', NULL),
(38, NULL, 47, 'HNC', NULL, '1992-12-22 02:08:50'),
(39, 'JD008U', 17, '449O5VDRZCWUDY2F028HVPX52G67', '2017-04-25 23:46:20', '1970-01-01 02:37:19'),
(40, '94I03D', 34, 'B4N9842TF7KON4XS17R4Q03O0WY47LUZ290A8Q519RG421AX5WMM2QK1ZLYPU6', '2004-03-11 22:20:58', '2016-04-05 18:03:46'),
(41, '35M', 15, 'M8', '2020-10-09 16:38:11', '1992-08-22 20:18:27'),
(42, 'E51NKLF2QX27A3', 5, 'B', '2017-07-30 01:03:58', '1987-10-01 04:27:33'),
(43, 'ERN7ITWHPJ', 1, 'HX', '2012-05-20 17:06:43', '1970-01-01 00:00:09'),
(44, '80', 50, 'PV6H6X92W33U857570A079L0H4C18E4H0', '1993-12-25 01:18:46', '1970-01-01 00:12:00'),
(45, 'I8Q0G', 23, 'ROBW4ORTW01O780B8LTKM0Q5798BBA3U7739MA5D', '1970-01-01 00:00:08', '1987-06-08 02:38:36'),
(46, NULL, 12, 'W', NULL, '1970-01-01 00:00:02'),
(47, 'N84', 39, '4Q0', '1982-07-08 12:55:33', '2017-08-05 02:10:34'),
(48, '4D', 40, NULL, '2020-12-14 13:12:23', NULL),
(49, NULL, 3, 'B6', NULL, '1970-01-01 00:00:05'),
(50, 'I5I34NU', 20, NULL, '2013-07-13 05:14:15', NULL);


--
-- Inserting data into table media_likes
--
INSERT INTO media_likes(id, user_id, media_id, created_at) VALUES
(1, 13, 33, '2004-05-09 02:57:05'),
(2, 29, 37, '2000-10-20 14:30:27'),
(3, 32, 41, '1970-01-01 01:08:43'),
(4, 48, 39, NULL),
(5, 12, 38, '1970-01-01 00:01:08'),
(6, 33, 33, '1980-06-29 18:41:08'),
(7, 4, 4, '1972-03-13 11:38:34'),
(8, 4, 15, '2007-09-16 11:44:53'),
(9, 19, 42, '2021-06-30 06:18:58'),
(10, 1, 41, '1985-07-09 03:42:23'),
(11, 48, 31, '2011-08-23 20:33:30'),
(12, 46, 23, '2011-04-05 15:08:45'),
(13, 47, 6, NULL),
(14, 26, 29, '1970-01-01 00:10:13'),
(15, 10, 22, '1997-01-18 15:36:18'),
(16, 39, 17, '1991-07-25 19:12:04'),
(17, 19, 49, '2017-04-12 05:41:24'),
(18, 24, 16, '1970-01-01 00:00:01'),
(19, 11, 25, NULL),
(20, 42, 47, '1992-01-07 17:10:02'),
(21, 1, 1, '2016-05-08 17:45:49'),
(22, 23, 7, '1988-09-11 10:36:21'),
(23, 25, 32, '2020-10-04 01:37:28'),
(24, 24, 21, '2003-08-26 13:10:12'),
(25, 32, 45, '1997-09-08 18:06:06'),
(26, 7, 30, '1970-01-01 00:00:09'),
(27, 34, 49, '1976-01-05 18:44:08'),
(28, 24, 31, '1992-12-24 15:32:34'),
(29, 25, 32, '1999-01-12 07:49:46'),
(30, 2, 37, '1970-01-01 00:01:05'),
(31, 16, 32, '1970-01-01 00:00:03'),
(32, 25, 19, '1970-01-01 01:45:10'),
(33, 25, 38, '1996-01-02 12:05:58'),
(34, 24, 31, '1970-01-01 00:01:38'),
(35, 28, 25, '1980-10-29 20:59:54'),
(36, 24, 42, '1990-04-09 23:46:21'),
(37, 11, 4, '1981-05-20 02:45:22'),
(38, 23, 37, NULL),
(39, 39, 24, '1976-02-20 00:17:15'),
(40, 27, 43, '1989-11-05 01:40:23'),
(41, 43, 44, '1999-08-14 05:34:28'),
(42, 49, 44, '1970-01-01 01:57:04'),
(43, 14, 25, '2017-07-13 21:15:41'),
(44, 7, 50, '1970-01-01 00:36:44'),
(45, 10, 50, '2008-04-22 03:37:03'),
(46, 13, 30, '1970-01-01 00:00:07'),
(47, 20, 8, '2001-09-24 19:01:37'),
(48, 26, 37, '1970-01-01 00:09:35'),
(49, 37, 29, '1970-01-01 00:00:05'),
(50, 6, 24, '1970-01-01 00:00:41');


--
-- Inserting data into table post_likes
--
INSERT INTO post_likes(id, user_id, post_id, created_at) VALUES
(1, 5, 45, '1996-06-10 20:24:43'),
(2, 46, 15, '1970-01-01 00:05:20'),
(3, 15, 34, '2008-03-06 18:39:42'),
(4, 10, 1, '1970-01-01 00:00:47'),
(5, 10, 28, '1970-01-01 00:01:34'),
(6, 19, 25, '2012-06-20 20:52:58'),
(7, 24, 49, '1970-01-01 00:00:09'),
(8, 34, 32, '1970-01-01 00:00:39'),
(9, 12, 35, '1972-03-08 04:27:16'),
(10, 47, 23, '2010-10-05 15:06:37'),
(11, 50, 27, '1970-01-01 00:00:54'),
(12, 21, 14, '2016-09-27 23:36:03'),
(13, 10, 31, '1970-01-01 00:01:18'),
(14, 11, 48, '2020-05-15 15:40:26'),
(15, 6, 10, '1970-01-01 00:01:12'),
(16, 16, 6, '2021-01-08 19:11:07'),
(17, 18, 22, '1985-05-25 12:13:53'),
(18, 12, 14, '1983-11-29 10:35:03'),
(19, 5, 26, '2007-01-31 12:04:13'),
(20, 24, 13, '1970-01-01 00:00:10'),
(21, 13, 43, '2012-07-27 13:41:16'),
(22, 32, 16, '1987-02-09 15:35:20'),
(23, 20, 29, '1970-01-01 00:06:06'),
(24, 5, 26, '1976-05-07 15:48:11'),
(25, 2, 32, '2009-01-04 10:57:41'),
(26, 34, 12, NULL),
(27, 50, 44, '1970-01-01 00:33:26'),
(28, 14, 7, NULL),
(29, 38, 46, '1997-01-10 14:40:22'),
(30, 50, 16, '1970-01-01 00:01:16'),
(31, 15, 17, '2020-09-28 19:43:12'),
(32, 16, 42, '2010-05-20 22:33:18'),
(33, 50, 40, '2016-08-21 16:35:02'),
(34, 41, 37, '1983-01-21 05:10:14'),
(35, 26, 27, '2004-12-03 15:43:21'),
(36, 41, 13, '1973-09-28 11:18:37'),
(37, 16, 45, '2006-01-30 11:06:14'),
(38, 14, 45, '1970-01-01 01:35:02'),
(39, 28, 39, '2006-08-16 13:36:07'),
(40, 33, 13, '1974-12-14 21:19:59'),
(41, 29, 50, '1970-01-01 00:00:09'),
(42, 39, 34, '1982-02-23 06:59:06'),
(43, 34, 16, '1970-01-01 00:00:56'),
(44, 11, 22, '2021-08-26 19:28:19'),
(45, 18, 9, '1983-02-22 17:28:43'),
(46, 39, 19, NULL),
(47, 16, 14, '1970-01-01 02:05:18'),
(48, 10, 5, '1970-01-01 02:29:42'),
(49, 10, 37, '1970-01-01 00:00:07'),
(50, 26, 38, '1970-01-01 00:09:23');


--
-- Inserting data into table user_likes
--
INSERT INTO user_likes(initial_user, target_user, created_at) VALUES
(47, 47, '2019-08-06 17:34:22'),
(9, 9, '2021-08-06 13:37:33'),
(18, 18, '1996-12-27 10:04:13'),
(4, 4, '1970-01-01 00:14:09'),
(28, 28, '1990-05-29 14:47:07'),
(50, 50, '1998-06-10 18:47:22'),
(45, 45, '1995-08-27 07:17:19'),
(48, 48, '2013-10-05 20:07:10'),
(46, 46, NULL),
(23, 23, '2018-10-16 12:10:31'),
(13, 13, '1975-12-30 15:02:54'),
(19, 19, '2006-05-20 22:10:56'),
(42, 42, '1982-12-11 19:31:34'),
(14, 14, '1970-07-02 14:35:47'),
(20, 20, '1982-12-19 10:01:09'),
(49, 49, '2017-08-12 02:43:33'),
(15, 15, '1970-01-01 00:11:29'),
(37, 37, '1970-01-01 00:14:49'),
(43, 43, '1998-02-10 07:05:04'),
(21, 21, '1970-01-01 00:51:43'),
(29, 29, '2000-10-12 18:59:47'),
(38, 38, NULL),
(10, 10, '2006-12-20 12:47:13'),
(16, 16, '2004-05-30 05:20:01'),
(5, 5, '2020-03-31 18:10:57'),
(11, 11, '2014-02-16 19:03:30'),
(24, 24, '1974-05-21 03:29:23'),
(30, 30, '1970-01-01 01:53:46'),
(25, 25, '2013-12-21 06:13:33'),
(22, 22, '1970-01-01 00:01:08'),
(44, 44, '1970-01-01 00:00:04'),
(6, 6, '1980-11-09 18:04:24'),
(31, 31, NULL),
(39, 39, '2001-09-30 02:36:20'),
(26, 26, NULL),
(32, 32, '2012-03-16 11:09:45'),
(17, 17, '1970-01-01 00:01:35'),
(12, 12, '1970-01-01 00:05:31'),
(1, 1, NULL),
(34, 34, '1978-07-17 00:55:34'),
(40, 40, '2014-02-01 00:06:16'),
(27, 27, '1987-07-09 09:12:20'),
(33, 33, '2014-12-21 21:34:13'),
(7, 7, '1970-01-01 00:15:45'),
(35, 35, '1970-01-01 00:05:58'),
(41, 41, '1975-10-19 21:51:48'),
(36, 36, '1970-01-01 01:45:17'),
(2, 2, '1970-01-01 00:07:17'),
(8, 8, '1978-05-02 19:00:36'),
(3, 3, '1970-01-01 00:01:24');
